Propagation Devise;Nom ISO Devise;Numéro ISO Devise;Symbole ISO Devise;Devise;Trans Pays;Pays;Région capitale;Capitale;Continents;Indicatif téléphonique;Nb Digits;ISO Pays;;;;;;;;;;;;;;;;;;;;;;;;;;;;;;;;;;;;;;;;;;;;;;;;;;;;;;;;;;;;;;;;;;;;;;;;;;;;;;;;;;;;;;;;;;;;;;;;;;;;;;;
Afghanistan;AFN;971;AFN;Afghani;country.afghanistan;Afghanistan;Kabul;Kabul;Asie;93;9;AFG;;;;;;;;;;;;;;;;;;;;;;;;;;;;;;;;;;;;;;;;;;;;;;;;;;;;;;;;;;;;;;;;;;;;;;;;;;;;;;;;;;;;;;;;;;;;;;;;;;;;;;;
Afrique du Sud;ZAR;710;ZAR;Rand sudafricano;country.south_africa;Afrique du Sud;Pretoria;Pretoria;Afrique;27;9;ZAF;;;;;;;;;;;;;;;;;;;;;;;;;;;;;;;;;;;;;;;;;;;;;;;;;;;;;;;;;;;;;;;;;;;;;;;;;;;;;;;;;;;;;;;;;;;;;;;;;;;;;;;
Albanie;ALL;008;ALL;Lek;country.albania;Albanie;Tirana;Tirana;Europe;355;8;ALB;;;;;;;;;;;;;;;;;;;;;;;;;;;;;;;;;;;;;;;;;;;;;;;;;;;;;;;;;;;;;;;;;;;;;;;;;;;;;;;;;;;;;;;;;;;;;;;;;;;;;;;
Algérie;DZD;012;DZD;Dinar algérien;country.algeria;Algérie;Alger;Alger;Afrique;213;9;DZA;;;;;;;;;;;;;;;;;;;;;;;;;;;;;;;;;;;;;;;;;;;;;;;;;;;;;;;;;;;;;;;;;;;;;;;;;;;;;;;;;;;;;;;;;;;;;;;;;;;;;;;
Allemagne;EUR;978;EUR;Euro;country.germany;Allemagne;Berlin;Berlin;Europe;49;9;DEU;;;;;;;;;;;;;;;;;;;;;;;;;;;;;;;;;;;;;;;;;;;;;;;;;;;;;;;;;;;;;;;;;;;;;;;;;;;;;;;;;;;;;;;;;;;;;;;;;;;;;;;
Andorre;EUR;978;EUR;Dollar américain;country.andorra;Andorre;Andorre-la-Vieille;Andorre-la-Vieille;Europe;376;6;AND;;;;;;;;;;;;;;;;;;;;;;;;;;;;;;;;;;;;;;;;;;;;;;;;;;;;;;;;;;;;;;;;;;;;;;;;;;;;;;;;;;;;;;;;;;;;;;;;;;;;;;;
Angola;AOA;973;AOA;Euro;country.angola;Angola;Luanda;Luanda;Afrique;244;9;AGO;;;;;;;;;;;;;;;;;;;;;;;;;;;;;;;;;;;;;;;;;;;;;;;;;;;;;;;;;;;;;;;;;;;;;;;;;;;;;;;;;;;;;;;;;;;;;;;;;;;;;;;
Anguilla;XCD;951;XCD;Kwanza;country.anguilla;Anguilla;The Valley;The Valley;Amérique;1264;7;AIA;;;;;;;;;;;;;;;;;;;;;;;;;;;;;;;;;;;;;;;;;;;;;;;;;;;;;;;;;;;;;;;;;;;;;;;;;;;;;;;;;;;;;;;;;;;;;;;;;;;;;;;
Antigua et Barbuda;XCD;951;XCD;Dollar des Caraïbes orientales;country.antigua_and_barbuda;Antigua-et-Barbuda;Saint John;Saint John;Amérique;268;8;ATG;;;;;;;;;;;;;;;;;;;;;;;;;;;;;;;;;;;;;;;;;;;;;;;;;;;;;;;;;;;;;;;;;;;;;;;;;;;;;;;;;;;;;;;;;;;;;;;;;;;;;;;
Antilles Néerlandaises;ANG;532;ANG;Florin des Antilles néerlandaises;country.netherlands_antilles;Antilles Néerlandaises;Curaçao;Willemstad;Amérique;599;8;ANT;;;;;;;;;;;;;;;;;;;;;;;;;;;;;;;;;;;;;;;;;;;;;;;;;;;;;;;;;;;;;;;;;;;;;;;;;;;;;;;;;;;;;;;;;;;;;;;;;;;;;;;
Arabie saoudite;SAR;682;SAR;Rial saoudien;country.saudi_arabia;Arabie Saoudite;Riyad;Riyad;Asie;966;9;SAU;;;;;;;;;;;;;;;;;;;;;;;;;;;;;;;;;;;;;;;;;;;;;;;;;;;;;;;;;;;;;;;;;;;;;;;;;;;;;;;;;;;;;;;;;;;;;;;;;;;;;;;
Argentine;ARS;032;ARS;Peso argentin;country.argentine;Argentine;Buenos Aires;Buenos Aires;Amérique;54;10;ARG;;;;;;;;;;;;;;;;;;;;;;;;;;;;;;;;;;;;;;;;;;;;;;;;;;;;;;;;;;;;;;;;;;;;;;;;;;;;;;;;;;;;;;;;;;;;;;;;;;;;;;;
Arménie;AMD;051;AMD;Dram;country.armenia;Arménie;Yerevan;Yerevan;Asie;374;8;ARM;;;;;;;;;;;;;;;;;;;;;;;;;;;;;;;;;;;;;;;;;;;;;;;;;;;;;;;;;;;;;;;;;;;;;;;;;;;;;;;;;;;;;;;;;;;;;;;;;;;;;;;
Aruba;AWG;533;AWG;Florin;country.aruba;Aruba;Oranjestad;Oranjestad;Amérique;297;7;ABW;;;;;;;;;;;;;;;;;;;;;;;;;;;;;;;;;;;;;;;;;;;;;;;;;;;;;;;;;;;;;;;;;;;;;;;;;;;;;;;;;;;;;;;;;;;;;;;;;;;;;;;
Australie;AUD;036;AUD;Dollar australien;country.australia;Australie;Canberra;Canberra;Océanie;61;9;AUS;;;;;;;;;;;;;;;;;;;;;;;;;;;;;;;;;;;;;;;;;;;;;;;;;;;;;;;;;;;;;;;;;;;;;;;;;;;;;;;;;;;;;;;;;;;;;;;;;;;;;;;
Autriche;EUR;978;EUR;Euro;country.austria;Autriche;Vienne;Vienne;Europe;43;7;AUT;;;;;;;;;;;;;;;;;;;;;;;;;;;;;;;;;;;;;;;;;;;;;;;;;;;;;;;;;;;;;;;;;;;;;;;;;;;;;;;;;;;;;;;;;;;;;;;;;;;;;;;
Azerbaïdjan;AZN;944;AZN;Manat;country.azerbaijan;Azerbaïdjan;Bakou;Bakou;Asie - Europe;994;9;AZE;;;;;;;;;;;;;;;;;;;;;;;;;;;;;;;;;;;;;;;;;;;;;;;;;;;;;;;;;;;;;;;;;;;;;;;;;;;;;;;;;;;;;;;;;;;;;;;;;;;;;;;
Bahamas;BSD;044;BSD;Dollar des Bahamas;country.bahamas;Bahamas;Nassau;Nassau;Amérique;1242;7;BHS;;;;;;;;;;;;;;;;;;;;;;;;;;;;;;;;;;;;;;;;;;;;;;;;;;;;;;;;;;;;;;;;;;;;;;;;;;;;;;;;;;;;;;;;;;;;;;;;;;;;;;;
Bahreïn;BHD;048;BHD;Dinar bahreïni;country.bahrain;Bahreïn;Manama;Manama;Asie;973;8;BHR;;;;;;;;;;;;;;;;;;;;;;;;;;;;;;;;;;;;;;;;;;;;;;;;;;;;;;;;;;;;;;;;;;;;;;;;;;;;;;;;;;;;;;;;;;;;;;;;;;;;;;;
Bangladesh;BDT;050;BDT;Taka;country.bangladesh;Bangladesh;Dacca;Dacca;Asie;880;9;BGD;;;;;;;;;;;;;;;;;;;;;;;;;;;;;;;;;;;;;;;;;;;;;;;;;;;;;;;;;;;;;;;;;;;;;;;;;;;;;;;;;;;;;;;;;;;;;;;;;;;;;;;
Barbade;BBD;052;BBD;Dollar barbadien;country.barbados;Barbade;Bridgetown;Bridgetown;Amérique;1246;7;BRB;;;;;;;;;;;;;;;;;;;;;;;;;;;;;;;;;;;;;;;;;;;;;;;;;;;;;;;;;;;;;;;;;;;;;;;;;;;;;;;;;;;;;;;;;;;;;;;;;;;;;;;
Belgique;EUR;978;EUR;Euro;country.belgium;Belgique;Bruxelles;Bruxelles;Europe;32;8;BEL;;;;;;;;;;;;;;;;;;;;;;;;;;;;;;;;;;;;;;;;;;;;;;;;;;;;;;;;;;;;;;;;;;;;;;;;;;;;;;;;;;;;;;;;;;;;;;;;;;;;;;;
Belize;BZD;084;BZD;Dollar du Belize;country.belize;Belize;Belmopan;Belmopan;Amérique;501;7;BLZ;;;;;;;;;;;;;;;;;;;;;;;;;;;;;;;;;;;;;;;;;;;;;;;;;;;;;;;;;;;;;;;;;;;;;;;;;;;;;;;;;;;;;;;;;;;;;;;;;;;;;;;
Bénin;XOF;952;CFA;Franc CFA BCEAO;country.benign;Bénin;Porto Novo;Porto Novo;Afrique;229;8;BEN;;;;;;;;;;;;;;;;;;;;;;;;;;;;;;;;;;;;;;;;;;;;;;;;;;;;;;;;;;;;;;;;;;;;;;;;;;;;;;;;;;;;;;;;;;;;;;;;;;;;;;;
Bermudes;BMD;060;BMD;Dollar des Bermudes;country.bermuda;Bermudes;Hamilton;Hamilton;Amérique;1441;7;BMU;;;;;;;;;;;;;;;;;;;;;;;;;;;;;;;;;;;;;;;;;;;;;;;;;;;;;;;;;;;;;;;;;;;;;;;;;;;;;;;;;;;;;;;;;;;;;;;;;;;;;;;
Bhoutan;BTN;064;BTN;Ngultrum;country.bhutan;Bhoutan;Thimphu;Thimphu;Asie;975;8;BTN;;;;;;;;;;;;;;;;;;;;;;;;;;;;;;;;;;;;;;;;;;;;;;;;;;;;;;;;;;;;;;;;;;;;;;;;;;;;;;;;;;;;;;;;;;;;;;;;;;;;;;;
Biélorussie;BYR;974;BYR;Rouble biélorusse;country.belarus;Biélorussie;Minsk;Minsk;Europe;375;9;BLR;;;;;;;;;;;;;;;;;;;;;;;;;;;;;;;;;;;;;;;;;;;;;;;;;;;;;;;;;;;;;;;;;;;;;;;;;;;;;;;;;;;;;;;;;;;;;;;;;;;;;;;
Birmanie (Myanmar);MMK;104;KYAT;Kyat;country.burma_myanmar;Birmanie (Myanmar);Naypyidaw;Naypyidaw;Asie;95;7;MMR;;;;;;;;;;;;;;;;;;;;;;;;;;;;;;;;;;;;;;;;;;;;;;;;;;;;;;;;;;;;;;;;;;;;;;;;;;;;;;;;;;;;;;;;;;;;;;;;;;;;;;;
Bolivie;BOB;068;BOB;Boliviano;country.bolivia;Bolivie;Sucre;Sucre;Amérique;591;8;BOL;;;;;;;;;;;;;;;;;;;;;;;;;;;;;;;;;;;;;;;;;;;;;;;;;;;;;;;;;;;;;;;;;;;;;;;;;;;;;;;;;;;;;;;;;;;;;;;;;;;;;;;
Bosnie-et-Herzégovine;BAM;977;BAM;Mark convertible;country.bosnia_and_herzegovina;Bosnie-Herzégovine;Sarajevo;Sarajevo;Europe;387;8;BIH;;;;;;;;;;;;;;;;;;;;;;;;;;;;;;;;;;;;;;;;;;;;;;;;;;;;;;;;;;;;;;;;;;;;;;;;;;;;;;;;;;;;;;;;;;;;;;;;;;;;;;;
Botswana;BWP;072;BWP;Pula;country.botswana;Botswana;Gaborone;Gaborone;Afrique;267;8;BWA;;;;;;;;;;;;;;;;;;;;;;;;;;;;;;;;;;;;;;;;;;;;;;;;;;;;;;;;;;;;;;;;;;;;;;;;;;;;;;;;;;;;;;;;;;;;;;;;;;;;;;;
Brésil;BND;096;BND;Réal brésilien;country.brazil;Brésil;Brasilia;Brasilia;Amérique;55;10;BRA;;;;;;;;;;;;;;;;;;;;;;;;;;;;;;;;;;;;;;;;;;;;;;;;;;;;;;;;;;;;;;;;;;;;;;;;;;;;;;;;;;;;;;;;;;;;;;;;;;;;;;;
Brunei;BRL;986;BRL;Dollar Brunei;country.brunei;Brunei;Bandar Seri Begawan;Bandar Seri Begawan;Asie;673;7;BRN;;;;;;;;;;;;;;;;;;;;;;;;;;;;;;;;;;;;;;;;;;;;;;;;;;;;;;;;;;;;;;;;;;;;;;;;;;;;;;;;;;;;;;;;;;;;;;;;;;;;;;;
Bulgarie;BGN;975;BGN;Lev bulgare;country.bulgaria;Bulgarie;Sofia;Sofia;Europe;359;8;BGR;;;;;;;;;;;;;;;;;;;;;;;;;;;;;;;;;;;;;;;;;;;;;;;;;;;;;;;;;;;;;;;;;;;;;;;;;;;;;;;;;;;;;;;;;;;;;;;;;;;;;;;
Burkina Faso;XOF;952;CFA;Franc CFA BCEAO;country.burkina_faso;Burkina Faso;Ouagadougou;Ouagadougou;Afrique;226;8;BFA;;;;;;;;;;;;;;;;;;;;;;;;;;;;;;;;;;;;;;;;;;;;;;;;;;;;;;;;;;;;;;;;;;;;;;;;;;;;;;;;;;;;;;;;;;;;;;;;;;;;;;;
Burundi;BIF;108;BIF;Franc burundais;country.burundi;Burundi;Bujumbura;Bujumbura;Afrique;257;8;BDI;;;;;;;;;;;;;;;;;;;;;;;;;;;;;;;;;;;;;;;;;;;;;;;;;;;;;;;;;;;;;;;;;;;;;;;;;;;;;;;;;;;;;;;;;;;;;;;;;;;;;;;
Cambodge;KHR;116;KHR;Riel cambodgien;country.cambodia;Cambodge;Phnom Penh;Phnom Penh;Asie;855;8;KHM;;;;;;;;;;;;;;;;;;;;;;;;;;;;;;;;;;;;;;;;;;;;;;;;;;;;;;;;;;;;;;;;;;;;;;;;;;;;;;;;;;;;;;;;;;;;;;;;;;;;;;;
Cameroun;XAF;950;CFA;Franc CFA BEAC;country.cameroon;Cameroun;Yaoundé;Yaoundé;Afrique;237;9;CMR;;;;;;;;;;;;;;;;;;;;;;;;;;;;;;;;;;;;;;;;;;;;;;;;;;;;;;;;;;;;;;;;;;;;;;;;;;;;;;;;;;;;;;;;;;;;;;;;;;;;;;;
Canada;CAD;124;CAD;Dollar canadien;country.canada;Canada;Ottawa;Ottawa;Amérique;1;11;CAN;;;;;;;;;;;;;;;;;;;;;;;;;;;;;;;;;;;;;;;;;;;;;;;;;;;;;;;;;;;;;;;;;;;;;;;;;;;;;;;;;;;;;;;;;;;;;;;;;;;;;;;
Cap Vert;CVE;132;CVE;Escudo cap-verdien;country.green_cap;Cap vert;Praia;Praia;Afrique;238;7;CPV;;;;;;;;;;;;;;;;;;;;;;;;;;;;;;;;;;;;;;;;;;;;;;;;;;;;;;;;;;;;;;;;;;;;;;;;;;;;;;;;;;;;;;;;;;;;;;;;;;;;;;;
Chili;CLP;152;CLP;Peso chilien;country.chili;Chili;Santiago;Santiago;Amérique;56;9;CHL;;;;;;;;;;;;;;;;;;;;;;;;;;;;;;;;;;;;;;;;;;;;;;;;;;;;;;;;;;;;;;;;;;;;;;;;;;;;;;;;;;;;;;;;;;;;;;;;;;;;;;;
Chine;CNY;156;CNY;Yuan Renminbi;country.spine;Chine;Pékin;Pékin;Asie;86;11;CHN;;;;;;;;;;;;;;;;;;;;;;;;;;;;;;;;;;;;;;;;;;;;;;;;;;;;;;;;;;;;;;;;;;;;;;;;;;;;;;;;;;;;;;;;;;;;;;;;;;;;;;;
Chypre;EUR;978;EUR;Euro;country.cyprus;Chypre;Nicosie;Nicosie;Europe;357;8;CYP;;;;;;;;;;;;;;;;;;;;;;;;;;;;;;;;;;;;;;;;;;;;;;;;;;;;;;;;;;;;;;;;;;;;;;;;;;;;;;;;;;;;;;;;;;;;;;;;;;;;;;;
Colombie;COP;170;COP;Peso colombien;country.colombia;Colombie;Bogota;Bogota;Amérique;57;10;COL;;;;;;;;;;;;;;;;;;;;;;;;;;;;;;;;;;;;;;;;;;;;;;;;;;;;;;;;;;;;;;;;;;;;;;;;;;;;;;;;;;;;;;;;;;;;;;;;;;;;;;;
Comores;KMF;174;KMF;Franc comorien;country.comoros;Comores;Moroni;Moroni;Afrique;269;7;COM;;;;;;;;;;;;;;;;;;;;;;;;;;;;;;;;;;;;;;;;;;;;;;;;;;;;;;;;;;;;;;;;;;;;;;;;;;;;;;;;;;;;;;;;;;;;;;;;;;;;;;;
Corée du Nord;KPW;408;KPW;Won nord-coréen;country.north_korea;Corée du Nord;Pyongyang;Pyongyang;Asie;850;10;PRK;;;;;;;;;;;;;;;;;;;;;;;;;;;;;;;;;;;;;;;;;;;;;;;;;;;;;;;;;;;;;;;;;;;;;;;;;;;;;;;;;;;;;;;;;;;;;;;;;;;;;;;
Corée du Sud;KRW;410;KRW;Won sud-coréen;country.south_korea;Corée du Sud;Séoul;Séoul;Asie;82;8;KOR;;;;;;;;;;;;;;;;;;;;;;;;;;;;;;;;;;;;;;;;;;;;;;;;;;;;;;;;;;;;;;;;;;;;;;;;;;;;;;;;;;;;;;;;;;;;;;;;;;;;;;;
Costa Rica;CRC;188;CRC;Colón;country.costa_rica;Costa Rica;San José;San José;Amérique;506;8;CRI;;;;;;;;;;;;;;;;;;;;;;;;;;;;;;;;;;;;;;;;;;;;;;;;;;;;;;;;;;;;;;;;;;;;;;;;;;;;;;;;;;;;;;;;;;;;;;;;;;;;;;;
Côte d'Ivoire;XOF;952;CFA;Franc CFA BCEAO;country.ivory_coast;Côte d'Ivoire;Yamoussoukro;Yamoussoukro;Afrique;225;10;CIV;;;;;;;;;;;;;;;;;;;;;;;;;;;;;;;;;;;;;;;;;;;;;;;;;;;;;;;;;;;;;;;;;;;;;;;;;;;;;;;;;;;;;;;;;;;;;;;;;;;;;;;
Croatie;HRK;191;HRK;Euro;country.croatia;Croatie;Zagreb;Zagreb;Europe;385;8;HRV;;;;;;;;;;;;;;;;;;;;;;;;;;;;;;;;;;;;;;;;;;;;;;;;;;;;;;;;;;;;;;;;;;;;;;;;;;;;;;;;;;;;;;;;;;;;;;;;;;;;;;;
Cuba;CUP;192;CUP;Peso cubain;country.cuba;Cuba;La Havane;La Havane;Amérique;53;8;CUB;;;;;;;;;;;;;;;;;;;;;;;;;;;;;;;;;;;;;;;;;;;;;;;;;;;;;;;;;;;;;;;;;;;;;;;;;;;;;;;;;;;;;;;;;;;;;;;;;;;;;;;
Danemark;DKK;208;DKK;Couronne danois;country.denmark;Danemark;Copenhague;Copenhague;Europe;45;8;DNK;;;;;;;;;;;;;;;;;;;;;;;;;;;;;;;;;;;;;;;;;;;;;;;;;;;;;;;;;;;;;;;;;;;;;;;;;;;;;;;;;;;;;;;;;;;;;;;;;;;;;;;
Djibouti;DJF;262;DJF;Franc djiboutien;country.djibouti;Djibouti;Djibouti;Djibouti;Afrique;253;8;DJI;;;;;;;;;;;;;;;;;;;;;;;;;;;;;;;;;;;;;;;;;;;;;;;;;;;;;;;;;;;;;;;;;;;;;;;;;;;;;;;;;;;;;;;;;;;;;;;;;;;;;;;
Dominique;XCD;951;XCD;Dollar des Caraïbes orientales;country.dominic;Dominique;Roseau;Roseau;Amérique;1767;7;DMA;;;;;;;;;;;;;;;;;;;;;;;;;;;;;;;;;;;;;;;;;;;;;;;;;;;;;;;;;;;;;;;;;;;;;;;;;;;;;;;;;;;;;;;;;;;;;;;;;;;;;;;
Egypte;EGP;818;EGP;Livre Egyptien;country.egypt;Egypte;Le Caire;Le Caire;Afrique - Asie;20;7;EGY;;;;;;;;;;;;;;;;;;;;;;;;;;;;;;;;;;;;;;;;;;;;;;;;;;;;;;;;;;;;;;;;;;;;;;;;;;;;;;;;;;;;;;;;;;;;;;;;;;;;;;;
Emirats arabes unis;AED;784;AED;Dirham arabes;country.united_arab_emirates;Emirats Arabes Unis;Abu Dhabi;Abu Dhabi;Asie;971;8;ARE;;;;;;;;;;;;;;;;;;;;;;;;;;;;;;;;;;;;;;;;;;;;;;;;;;;;;;;;;;;;;;;;;;;;;;;;;;;;;;;;;;;;;;;;;;;;;;;;;;;;;;;
Equateur;USD;840;USD;Dollar américain;country.ecuador;Equateur;Quito;Quito;Amérique;593;8;ECU;;;;;;;;;;;;;;;;;;;;;;;;;;;;;;;;;;;;;;;;;;;;;;;;;;;;;;;;;;;;;;;;;;;;;;;;;;;;;;;;;;;;;;;;;;;;;;;;;;;;;;;
Erythrée;ERN;232;ERN;Nakfa;country.eritrea;Erythrée;Asmara;Asmara;Afrique;291;7;ERI;;;;;;;;;;;;;;;;;;;;;;;;;;;;;;;;;;;;;;;;;;;;;;;;;;;;;;;;;;;;;;;;;;;;;;;;;;;;;;;;;;;;;;;;;;;;;;;;;;;;;;;
Espagne;EUR;978;EUR;Euro;country.spain;Espagne;Madrid;Madrid;Europe;349;8;ESP;;;;;;;;;;;;;;;;;;;;;;;;;;;;;;;;;;;;;;;;;;;;;;;;;;;;;;;;;;;;;;;;;;;;;;;;;;;;;;;;;;;;;;;;;;;;;;;;;;;;;;;
Estonie;EUR;978;EUR;Euro;country.estonia;Estonie;Tallinn;Tallinn;Europe;372;7;EST;;;;;;;;;;;;;;;;;;;;;;;;;;;;;;;;;;;;;;;;;;;;;;;;;;;;;;;;;;;;;;;;;;;;;;;;;;;;;;;;;;;;;;;;;;;;;;;;;;;;;;;
Eswatini;SZL;748;SZL;Lilangeni swazi;country.eswatini;Eswatini;Lobamba;Lobamba;Afrique;268;8;SWZ;;;;;;;;;;;;;;;;;;;;;;;;;;;;;;;;;;;;;;;;;;;;;;;;;;;;;;;;;;;;;;;;;;;;;;;;;;;;;;;;;;;;;;;;;;;;;;;;;;;;;;;
Etats fédérés de Micronésie;USD;840;USD;Dollar américain;country.federated_states_of_micronesia;Etats Fédérés de Micronésie;Palikir;Palikir;Océanie;691;7;FSM;;;;;;;;;;;;;;;;;;;;;;;;;;;;;;;;;;;;;;;;;;;;;;;;;;;;;;;;;;;;;;;;;;;;;;;;;;;;;;;;;;;;;;;;;;;;;;;;;;;;;;;
Etats-Unis d'Amérique;USD;840;USD;Dollar américain;country.united_states;Etats Unis;Washington;Washington;Amérique;1;11;USA;;;;;;;;;;;;;;;;;;;;;;;;;;;;;;;;;;;;;;;;;;;;;;;;;;;;;;;;;;;;;;;;;;;;;;;;;;;;;;;;;;;;;;;;;;;;;;;;;;;;;;;
Ethiopie;ETB;230;ETB;Birr;country.ethiopia;Ethiopie;Addis-Abeba;Addis-Abeba;Afrique;251;9;ETH;;;;;;;;;;;;;;;;;;;;;;;;;;;;;;;;;;;;;;;;;;;;;;;;;;;;;;;;;;;;;;;;;;;;;;;;;;;;;;;;;;;;;;;;;;;;;;;;;;;;;;;
Fidji;FJD;242;FJD;Dollar fidjien;country.fiji;Fidji;Suva;Suva;Océanie;679;7;FJI;;;;;;;;;;;;;;;;;;;;;;;;;;;;;;;;;;;;;;;;;;;;;;;;;;;;;;;;;;;;;;;;;;;;;;;;;;;;;;;;;;;;;;;;;;;;;;;;;;;;;;;
Finlande;EUR;978;EUR;Euro;country.finland;Finlande;Helsinki;Helsinki;Europe;358;7;FIN;;;;;;;;;;;;;;;;;;;;;;;;;;;;;;;;;;;;;;;;;;;;;;;;;;;;;;;;;;;;;;;;;;;;;;;;;;;;;;;;;;;;;;;;;;;;;;;;;;;;;;;
France;EUR;978;EUR;Euro;country.france;France;Paris;Paris;Europe;33;9;FRA;;;;;;;;;;;;;;;;;;;;;;;;;;;;;;;;;;;;;;;;;;;;;;;;;;;;;;;;;;;;;;;;;;;;;;;;;;;;;;;;;;;;;;;;;;;;;;;;;;;;;;;
Gabon;XAF;950;XAF;Franc CFA BEAC;country.gabon;Gabon;Libreville;Libreville;Afrique;241;8;GAB;;;;;;;;;;;;;;;;;;;;;;;;;;;;;;;;;;;;;;;;;;;;;;;;;;;;;;;;;;;;;;;;;;;;;;;;;;;;;;;;;;;;;;;;;;;;;;;;;;;;;;;
Gambie;GMD;270;GMD;Dalasi;country.gambia;Gambie;Banjul;Banjul;Afrique;220;7;GMB;;;;;;;;;;;;;;;;;;;;;;;;;;;;;;;;;;;;;;;;;;;;;;;;;;;;;;;;;;;;;;;;;;;;;;;;;;;;;;;;;;;;;;;;;;;;;;;;;;;;;;;
Géorgie;GEL;981;GEL;Lari géorgien;country.georgia;Géorgie;Tbilisi;Tbilisi;Europe - Asie;995;9;GEO;;;;;;;;;;;;;;;;;;;;;;;;;;;;;;;;;;;;;;;;;;;;;;;;;;;;;;;;;;;;;;;;;;;;;;;;;;;;;;;;;;;;;;;;;;;;;;;;;;;;;;;
Géorgie du Sud;GBP;826;GBP;Livre sterling;country.south_georgia_and_the_south_sandwich_islands;Géorgie du Sud et les Îles Sandwich du Sud;Grytviken;Grytviken;Antarctique;500;9;SGS;;;;;;;;;;;;;;;;;;;;;;;;;;;;;;;;;;;;;;;;;;;;;;;;;;;;;;;;;;;;;;;;;;;;;;;;;;;;;;;;;;;;;;;;;;;;;;;;;;;;;;;
Ghana;GHS;936;GHS;Cedi ghanéen;country.ghana;Ghana;Accra;Accra;Afrique;233;9;GHA;;;;;;;;;;;;;;;;;;;;;;;;;;;;;;;;;;;;;;;;;;;;;;;;;;;;;;;;;;;;;;;;;;;;;;;;;;;;;;;;;;;;;;;;;;;;;;;;;;;;;;;
Gibraltar;GIP;292;GIP;Livre de Gibraltar;country.gibraltar;Gibraltar;Gibraltar;Gibraltar;Afrique;350;8;GIB;;;;;;;;;;;;;;;;;;;;;;;;;;;;;;;;;;;;;;;;;;;;;;;;;;;;;;;;;;;;;;;;;;;;;;;;;;;;;;;;;;;;;;;;;;;;;;;;;;;;;;;
Grèce;EUR;978;EUR;Euro;country.greece;Grèce;Athènes;Athènes;Europe;30;10;GRC;;;;;;;;;;;;;;;;;;;;;;;;;;;;;;;;;;;;;;;;;;;;;;;;;;;;;;;;;;;;;;;;;;;;;;;;;;;;;;;;;;;;;;;;;;;;;;;;;;;;;;;
Grenade;XCD;951;XCD;Dollar des Caraïbes orientales;country.grenade;Grenade;Saint-Georges;Saint-Georges;Amérique;1473;7;GRD;;;;;;;;;;;;;;;;;;;;;;;;;;;;;;;;;;;;;;;;;;;;;;;;;;;;;;;;;;;;;;;;;;;;;;;;;;;;;;;;;;;;;;;;;;;;;;;;;;;;;;;
Groenland;DKK;208;DKK;Couronne danois;country.greenland;Groenland;Nuuk;Nuuk;Amérique;299;6;GRL;;;;;;;;;;;;;;;;;;;;;;;;;;;;;;;;;;;;;;;;;;;;;;;;;;;;;;;;;;;;;;;;;;;;;;;;;;;;;;;;;;;;;;;;;;;;;;;;;;;;;;;
Guadeloupe;EUR;978;EUR;Euro;country.guadeloupe;Guadeloupe;Basse-Terre;Basse-Terre;Amérique;590;9;GLP;;;;;;;;;;;;;;;;;;;;;;;;;;;;;;;;;;;;;;;;;;;;;;;;;;;;;;;;;;;;;;;;;;;;;;;;;;;;;;;;;;;;;;;;;;;;;;;;;;;;;;;
Guam;USD;840;USD;Dollar américain;country.guam;Guam;Hagatna;Hagatna;Océanie;671;7;GUM;;;;;;;;;;;;;;;;;;;;;;;;;;;;;;;;;;;;;;;;;;;;;;;;;;;;;;;;;;;;;;;;;;;;;;;;;;;;;;;;;;;;;;;;;;;;;;;;;;;;;;;
Guatemala;GTQ;320;GTQ;Quetzal;country.guatemala;Guatemala;Guatemala;Guatemala;Amérique;502;8;GTM;;;;;;;;;;;;;;;;;;;;;;;;;;;;;;;;;;;;;;;;;;;;;;;;;;;;;;;;;;;;;;;;;;;;;;;;;;;;;;;;;;;;;;;;;;;;;;;;;;;;;;;
Guernesey;GBP;826;GBP;Livre sterling de Guernesey;country.Guernesey;Guernesey;Saint-Pierre-Port;Saint-Pierre-Port;europe;44;10;GGY;;;;;;;;;;;;;;;;;;;;;;;;;;;;;;;;;;;;;;;;;;;;;;;;;;;;;;;;;;;;;;;;;;;;;;;;;;;;;;;;;;;;;;;;;;;;;;;;;;;;;;;
Guinée;GNF;324;GNF;Franc guinéen;country.guinea;Guinée;Conakry;Conakry;Afrique;224;9;GIN;;;;;;;;;;;;;;;;;;;;;;;;;;;;;;;;;;;;;;;;;;;;;;;;;;;;;;;;;;;;;;;;;;;;;;;;;;;;;;;;;;;;;;;;;;;;;;;;;;;;;;;
Guinée Equatoriale;XAF;950;CFA;Franc CFA BEAC;country.equatorial_guinea;Guinée Equatoriale;Malabo;Malabo;Afrique;240;9;GNQ;;;;;;;;;;;;;;;;;;;;;;;;;;;;;;;;;;;;;;;;;;;;;;;;;;;;;;;;;;;;;;;;;;;;;;;;;;;;;;;;;;;;;;;;;;;;;;;;;;;;;;;
Guinée Bissau;XOF;952;CFA;Franc CFA BCEAO;country.guinea-bissau;Guinée Bissau;Bissau;Bissau;Afrique;245;7;GNB;;;;;;;;;;;;;;;;;;;;;;;;;;;;;;;;;;;;;;;;;;;;;;;;;;;;;;;;;;;;;;;;;;;;;;;;;;;;;;;;;;;;;;;;;;;;;;;;;;;;;;;
Guyana;GYD;328;GYD;Dollar de Guyana;country.guyana;Guyana;Georgetown;Georgetown;Amérique;592;7;GUY;;;;;;;;;;;;;;;;;;;;;;;;;;;;;;;;;;;;;;;;;;;;;;;;;;;;;;;;;;;;;;;;;;;;;;;;;;;;;;;;;;;;;;;;;;;;;;;;;;;;;;;
Guyane française;EUR;978;EUR;Euro;country.french_guiana;Guyane Française;Cayenne;Cayenne;Amérique;594;9;GUF;;;;;;;;;;;;;;;;;;;;;;;;;;;;;;;;;;;;;;;;;;;;;;;;;;;;;;;;;;;;;;;;;;;;;;;;;;;;;;;;;;;;;;;;;;;;;;;;;;;;;;;
Haïti;HTG;332;HTG;Gourde;country.haiti;Haïti;Port-au-Prince;Port-au-Prince;Amérique;509;8;HTI;;;;;;;;;;;;;;;;;;;;;;;;;;;;;;;;;;;;;;;;;;;;;;;;;;;;;;;;;;;;;;;;;;;;;;;;;;;;;;;;;;;;;;;;;;;;;;;;;;;;;;;
Honduras;HNL;340;HNL;Lempira;country.honduras;Honduras;Tegucigalpa;Tegucigalpa;Amérique;504;8;HND;;;;;;;;;;;;;;;;;;;;;;;;;;;;;;;;;;;;;;;;;;;;;;;;;;;;;;;;;;;;;;;;;;;;;;;;;;;;;;;;;;;;;;;;;;;;;;;;;;;;;;;
Hong Kong;HKD;344;HKD;Dollar de Hong Kong;country.hong_kong;Hong-Kong;Hong Kong;Hong Kong;Asie;852;8;HKG;;;;;;;;;;;;;;;;;;;;;;;;;;;;;;;;;;;;;;;;;;;;;;;;;;;;;;;;;;;;;;;;;;;;;;;;;;;;;;;;;;;;;;;;;;;;;;;;;;;;;;;
Hongrie;HUF;348;HUF;Forint hongrois;country.hungary;Hongrie;Budapest;Budapest;Europe;36;9;HUN;;;;;;;;;;;;;;;;;;;;;;;;;;;;;;;;;;;;;;;;;;;;;;;;;;;;;;;;;;;;;;;;;;;;;;;;;;;;;;;;;;;;;;;;;;;;;;;;;;;;;;;
Île de Man;GBP;826;GBP;Livre de l'île de Man;country.isle_of_man;Île de Man;Douglas;Douglas;Europe;44;10;IMN;;;;;;;;;;;;;;;;;;;;;;;;;;;;;;;;;;;;;;;;;;;;;;;;;;;;;;;;;;;;;;;;;;;;;;;;;;;;;;;;;;;;;;;;;;;;;;;;;;;;;;;
Île de Noël;AUD;036;AUD;Dollar australien;country.christmas_island;Île Christmas;Flying Fish Cove;Flying Fish Cove;Asie;61;9;CXR;;;;;;;;;;;;;;;;;;;;;;;;;;;;;;;;;;;;;;;;;;;;;;;;;;;;;;;;;;;;;;;;;;;;;;;;;;;;;;;;;;;;;;;;;;;;;;;;;;;;;;;
Île de Norfolk;AUD;036;AUD;Dollar australien;country.norfolk_island;Île Norfolk;Kingston (Île Norfolk);Kingston (Île Norfolk);Océanie;6723;5;NFK;;;;;;;;;;;;;;;;;;;;;;;;;;;;;;;;;;;;;;;;;;;;;;;;;;;;;;;;;;;;;;;;;;;;;;;;;;;;;;;;;;;;;;;;;;;;;;;;;;;;;;;
Îles Åland;EUR;978;EUR;Euro;country.åland_islands;Îles Åland;Mariehamn;Mariehamn;Europe;358;9;ALA;;;;;;;;;;;;;;;;;;;;;;;;;;;;;;;;;;;;;;;;;;;;;;;;;;;;;;;;;;;;;;;;;;;;;;;;;;;;;;;;;;;;;;;;;;;;;;;;;;;;;;;
Îles Caïmans;KYD;136;KYD;Dollar Caïman;country.cayman_islands;Îles Caïmans;George Town;George Town;Amérique;1345;10;CYM;;;;;;;;;;;;;;;;;;;;;;;;;;;;;;;;;;;;;;;;;;;;;;;;;;;;;;;;;;;;;;;;;;;;;;;;;;;;;;;;;;;;;;;;;;;;;;;;;;;;;;;
Îles Cocos;AUD;036;AUD;Dollar australien;country.cocos_keeling_islands;Îles Cocos (Keeling);West Island;West Island;Asie;61;9;CCK;;;;;;;;;;;;;;;;;;;;;;;;;;;;;;;;;;;;;;;;;;;;;;;;;;;;;;;;;;;;;;;;;;;;;;;;;;;;;;;;;;;;;;;;;;;;;;;;;;;;;;;
Îles Cook;NZD;554;NZD;Dollar Cook;country.cook_islands;Îles Cook;Avarua;Avarua;Océanie;682;5;COK;;;;;;;;;;;;;;;;;;;;;;;;;;;;;;;;;;;;;;;;;;;;;;;;;;;;;;;;;;;;;;;;;;;;;;;;;;;;;;;;;;;;;;;;;;;;;;;;;;;;;;;
Îles Falkland;FKP;238;FKP;Livre falconian / livre des îles Malouines;country.iles-malouines;Îles Malouines;Port Stanley;Port Stanley;amérique du sud;500;8;FLK;;;;;;;;;;;;;;;;;;;;;;;;;;;;;;;;;;;;;;;;;;;;;;;;;;;;;;;;;;;;;;;;;;;;;;;;;;;;;;;;;;;;;;;;;;;;;;;;;;;;;;;
Îles Féroé;DKK;208;DKK;Couronne féroïen;country.faroe_islands;Îles Féroé;Torshavn;Torshavn;Europe;298;6;FRO;;;;;;;;;;;;;;;;;;;;;;;;;;;;;;;;;;;;;;;;;;;;;;;;;;;;;;;;;;;;;;;;;;;;;;;;;;;;;;;;;;;;;;;;;;;;;;;;;;;;;;;
Îles mineures éloignées des états-Unis;USD;840;USD;Dollar américain;country.northern_mariana_islands;Îles Mariannes du Nord;Saipan;Saipan;Océanie;1670;10;MNP;;;;;;;;;;;;;;;;;;;;;;;;;;;;;;;;;;;;;;;;;;;;;;;;;;;;;;;;;;;;;;;;;;;;;;;;;;;;;;;;;;;;;;;;;;;;;;;;;;;;;;;
Îles Marshall;USD;840;USD;Dollar américain;country.marshall_islands;Îles Marshall;Majuro;Majuro;Océanie;692;7;MHL;;;;;;;;;;;;;;;;;;;;;;;;;;;;;;;;;;;;;;;;;;;;;;;;;;;;;;;;;;;;;;;;;;;;;;;;;;;;;;;;;;;;;;;;;;;;;;;;;;;;;;;
Îles Pitcairn;NZD;554;NZD;Dollar néo-zélandais;country.pitcairn_islands;Îles Pitcairn;Adamstown;Adamstown;Océanie;870;8;PCN;;;;;;;;;;;;;;;;;;;;;;;;;;;;;;;;;;;;;;;;;;;;;;;;;;;;;;;;;;;;;;;;;;;;;;;;;;;;;;;;;;;;;;;;;;;;;;;;;;;;;;;
Îles Salomon;SBD;090;SBD;Dollar salomonique;country.solomon_islands;Îles Salomon;Honiara;Honiara;Océanie;677;7;SLB;;;;;;;;;;;;;;;;;;;;;;;;;;;;;;;;;;;;;;;;;;;;;;;;;;;;;;;;;;;;;;;;;;;;;;;;;;;;;;;;;;;;;;;;;;;;;;;;;;;;;;;
Îles Turks et Caïques;USD;840;USD;Dollar américain;country.turks_and_caicos_islands;Îles Turks et Caïques;Cockburn Town;Cockburn Town;Amérique;1649;7;TCA;;;;;;;;;;;;;;;;;;;;;;;;;;;;;;;;;;;;;;;;;;;;;;;;;;;;;;;;;;;;;;;;;;;;;;;;;;;;;;;;;;;;;;;;;;;;;;;;;;;;;;;
Îles Vierges américaines;USD;840;USD;Dollar américain;country.united_states_virgin_islands;Îles Vierges des Etats-Unis;Charlotte Amalie;Charlotte Amalie;Amérique;1340;7;VIR;;;;;;;;;;;;;;;;;;;;;;;;;;;;;;;;;;;;;;;;;;;;;;;;;;;;;;;;;;;;;;;;;;;;;;;;;;;;;;;;;;;;;;;;;;;;;;;;;;;;;;;
Îles Vierges britanniques;USD;840;USD;Dollar américain;country.british_virgin_islands;Îles Vierges Britanniques;Road Town;Road Town;Amérique;1284;11;VGB;;;;;;;;;;;;;;;;;;;;;;;;;;;;;;;;;;;;;;;;;;;;;;;;;;;;;;;;;;;;;;;;;;;;;;;;;;;;;;;;;;;;;;;;;;;;;;;;;;;;;;;
Inde;INR;356;INR;Roupie indien;country.india;Inde;New Delhi;New Delhi;Asie;91;10;IND;;;;;;;;;;;;;;;;;;;;;;;;;;;;;;;;;;;;;;;;;;;;;;;;;;;;;;;;;;;;;;;;;;;;;;;;;;;;;;;;;;;;;;;;;;;;;;;;;;;;;;;
Indonésie;IDR;360;IDR;Rupiah indonésien;country.indonesia;Indonésie;Jakarta;Jakarta;Asie;62;10;IDN;;;;;;;;;;;;;;;;;;;;;;;;;;;;;;;;;;;;;;;;;;;;;;;;;;;;;;;;;;;;;;;;;;;;;;;;;;;;;;;;;;;;;;;;;;;;;;;;;;;;;;;
Irak;IQD;368;IQD;Dinar irakien;country.iran;Iran;Téhéran;Téhéran;Asie;98;10;IRN;;;;;;;;;;;;;;;;;;;;;;;;;;;;;;;;;;;;;;;;;;;;;;;;;;;;;;;;;;;;;;;;;;;;;;;;;;;;;;;;;;;;;;;;;;;;;;;;;;;;;;;
Iran;IRR;364;IRR;Rial iranien;country.iraq;Iraq;Bagdad;Bagdad;Asie;964;8;IRQ;;;;;;;;;;;;;;;;;;;;;;;;;;;;;;;;;;;;;;;;;;;;;;;;;;;;;;;;;;;;;;;;;;;;;;;;;;;;;;;;;;;;;;;;;;;;;;;;;;;;;;;
Irlande;EUR;978;EUR;Euro;country.ireland;Irlande;Dublin;Dublin;Europe;353;8;IRL;;;;;;;;;;;;;;;;;;;;;;;;;;;;;;;;;;;;;;;;;;;;;;;;;;;;;;;;;;;;;;;;;;;;;;;;;;;;;;;;;;;;;;;;;;;;;;;;;;;;;;;
Islande;ISK;352;ISK;Couronne islandais;country.island;Islande;Reykjavik;Reykjavik;Europe;354;7;ISL;;;;;;;;;;;;;;;;;;;;;;;;;;;;;;;;;;;;;;;;;;;;;;;;;;;;;;;;;;;;;;;;;;;;;;;;;;;;;;;;;;;;;;;;;;;;;;;;;;;;;;;
Israël;ILS;376;ILS;Shekel israélien;country.israel;Israël;Jérusalem-Ouest;Jérusalem-Ouest;Asie;972;8;ISR;;;;;;;;;;;;;;;;;;;;;;;;;;;;;;;;;;;;;;;;;;;;;;;;;;;;;;;;;;;;;;;;;;;;;;;;;;;;;;;;;;;;;;;;;;;;;;;;;;;;;;;
Italie;EUR;978;EUR;Euro;country.italy;Italie;Rome;Rome;Europe;39;8;ITA;;;;;;;;;;;;;;;;;;;;;;;;;;;;;;;;;;;;;;;;;;;;;;;;;;;;;;;;;;;;;;;;;;;;;;;;;;;;;;;;;;;;;;;;;;;;;;;;;;;;;;;
Jamaïque;JMD;388;JMD;Dollar;country.jamaica;Jamaïque;Kingston;Kingston;Amérique;1876;7;JAM;;;;;;;;;;;;;;;;;;;;;;;;;;;;;;;;;;;;;;;;;;;;;;;;;;;;;;;;;;;;;;;;;;;;;;;;;;;;;;;;;;;;;;;;;;;;;;;;;;;;;;;
Japon;JPY;392;JPY;Yen;country.japan;Japon;Tokyo;Tokyo;Asie;81;10;JPN;;;;;;;;;;;;;;;;;;;;;;;;;;;;;;;;;;;;;;;;;;;;;;;;;;;;;;;;;;;;;;;;;;;;;;;;;;;;;;;;;;;;;;;;;;;;;;;;;;;;;;;
Jersey;GBP;826;GBP;Livre sterling de Jersey;country.jersey;Jersey;Saint-Helier;Saint-Helier;europe;534;7;JEY;;;;;;;;;;;;;;;;;;;;;;;;;;;;;;;;;;;;;;;;;;;;;;;;;;;;;;;;;;;;;;;;;;;;;;;;;;;;;;;;;;;;;;;;;;;;;;;;;;;;;;;
Jordanie;JOD;400;JOD;Dinar jordanien;country.jordan;Jordanie;Amman;Amman;Asie;962;8;JOR;;;;;;;;;;;;;;;;;;;;;;;;;;;;;;;;;;;;;;;;;;;;;;;;;;;;;;;;;;;;;;;;;;;;;;;;;;;;;;;;;;;;;;;;;;;;;;;;;;;;;;;
Kazakhstan;KZT;398;KZT;Tenge;country.kazakhstan;Kazakhstan;Astana;Astana;Asie - Europe;7;10;KAZ;;;;;;;;;;;;;;;;;;;;;;;;;;;;;;;;;;;;;;;;;;;;;;;;;;;;;;;;;;;;;;;;;;;;;;;;;;;;;;;;;;;;;;;;;;;;;;;;;;;;;;;
Kenya;KES;404;KES;Shilling Kenyan;country.kenya;Kenya;Nairobi;Nairobi;Afrique;254;9;KEN;;;;;;;;;;;;;;;;;;;;;;;;;;;;;;;;;;;;;;;;;;;;;;;;;;;;;;;;;;;;;;;;;;;;;;;;;;;;;;;;;;;;;;;;;;;;;;;;;;;;;;;
Kirghizistan;KGS;417;KGS;Som;country.kyrgyzstan;Kirghizistan;Bishkek;Bishkek;Asie;996;9;KGZ;;;;;;;;;;;;;;;;;;;;;;;;;;;;;;;;;;;;;;;;;;;;;;;;;;;;;;;;;;;;;;;;;;;;;;;;;;;;;;;;;;;;;;;;;;;;;;;;;;;;;;;
Kiribati;AUD;036;AUD;Dollar kiribatan;country.kiribati;Kiribati;Tarawa Sud;Tarawa Sud;Océanie;686;8;KIR;;;;;;;;;;;;;;;;;;;;;;;;;;;;;;;;;;;;;;;;;;;;;;;;;;;;;;;;;;;;;;;;;;;;;;;;;;;;;;;;;;;;;;;;;;;;;;;;;;;;;;;
Koweït;KWD;414;KWD;Dinar koweïtien;country.kuwait;Koweït;Koweït;Koweït;Asie;965;8;KWT;;;;;;;;;;;;;;;;;;;;;;;;;;;;;;;;;;;;;;;;;;;;;;;;;;;;;;;;;;;;;;;;;;;;;;;;;;;;;;;;;;;;;;;;;;;;;;;;;;;;;;;
Laos;LAK;418;LAK;Kip laotien;country.laos;Laos;Vientiane;Vientiane;Asie;856;9;LAO;;;;;;;;;;;;;;;;;;;;;;;;;;;;;;;;;;;;;;;;;;;;;;;;;;;;;;;;;;;;;;;;;;;;;;;;;;;;;;;;;;;;;;;;;;;;;;;;;;;;;;;
Lesotho;LSL;426;LSL;Loti du Lesotho;country.lesotho;Lesotho;Maseru;Maseru;Afrique;266;8;LSO;;;;;;;;;;;;;;;;;;;;;;;;;;;;;;;;;;;;;;;;;;;;;;;;;;;;;;;;;;;;;;;;;;;;;;;;;;;;;;;;;;;;;;;;;;;;;;;;;;;;;;;
Lettonie;EUR;978;EUR;Euro;country.latvia;Lettonie;Riga;Riga;Europe;371;8;LVA;;;;;;;;;;;;;;;;;;;;;;;;;;;;;;;;;;;;;;;;;;;;;;;;;;;;;;;;;;;;;;;;;;;;;;;;;;;;;;;;;;;;;;;;;;;;;;;;;;;;;;;
Liban;LBP;422;LBP;Livre libanais;country.lebanon;Liban;Beyrouth;Beyrouth;Asie;961;7;LBN;;;;;;;;;;;;;;;;;;;;;;;;;;;;;;;;;;;;;;;;;;;;;;;;;;;;;;;;;;;;;;;;;;;;;;;;;;;;;;;;;;;;;;;;;;;;;;;;;;;;;;;
Liberia;LRD;430;LRD;Dollar libérien;country.liberia;Liberia;Monrovia;Monrovia;Afrique;231;9;LBR;;;;;;;;;;;;;;;;;;;;;;;;;;;;;;;;;;;;;;;;;;;;;;;;;;;;;;;;;;;;;;;;;;;;;;;;;;;;;;;;;;;;;;;;;;;;;;;;;;;;;;;
Libye;LYD;434;LYD;Dinar libyen;country.libya;Libye;Tripoli;Tripoli;Afrique;218;9;LBY;;;;;;;;;;;;;;;;;;;;;;;;;;;;;;;;;;;;;;;;;;;;;;;;;;;;;;;;;;;;;;;;;;;;;;;;;;;;;;;;;;;;;;;;;;;;;;;;;;;;;;;
Liechtenstein;CHF;756;CHF;Franc suisse;country.liechtenstein;Liechtenstein;Vaduz;Vaduz;Europe;423;7;LIE;;;;;;;;;;;;;;;;;;;;;;;;;;;;;;;;;;;;;;;;;;;;;;;;;;;;;;;;;;;;;;;;;;;;;;;;;;;;;;;;;;;;;;;;;;;;;;;;;;;;;;;
Lituanie;EUR;978;EUR;Euro;country.lithuania;Lituanie;Vilnius;Vilnius;Europe;370;8;LTU;;;;;;;;;;;;;;;;;;;;;;;;;;;;;;;;;;;;;;;;;;;;;;;;;;;;;;;;;;;;;;;;;;;;;;;;;;;;;;;;;;;;;;;;;;;;;;;;;;;;;;;
Luxembourg;EUR;978;EUR;Euro;country.luxembourg;Luxembourg;Luxembourg;Luxembourg;Europe;352;6;LUX;;;;;;;;;;;;;;;;;;;;;;;;;;;;;;;;;;;;;;;;;;;;;;;;;;;;;;;;;;;;;;;;;;;;;;;;;;;;;;;;;;;;;;;;;;;;;;;;;;;;;;;
Macao;MOP;446;MOP;Pataca de Macao;country.macau;Macao;Macao;Macao;Asie;853;5;MAC;;;;;;;;;;;;;;;;;;;;;;;;;;;;;;;;;;;;;;;;;;;;;;;;;;;;;;;;;;;;;;;;;;;;;;;;;;;;;;;;;;;;;;;;;;;;;;;;;;;;;;;
Macédoine du Nord;MKD;807;MKD;Denier macédonien;country.north_macedonia;Macédoine du Nord;Skopje;Skopje;Europe;389;8;MKD;;;;;;;;;;;;;;;;;;;;;;;;;;;;;;;;;;;;;;;;;;;;;;;;;;;;;;;;;;;;;;;;;;;;;;;;;;;;;;;;;;;;;;;;;;;;;;;;;;;;;;;
Madagascar;MGA;969;MGA;Ariary malgache;country.madagascar;Madagascar;Antananarivo;Antananarivo;Afrique;261;7;MDG;;;;;;;;;;;;;;;;;;;;;;;;;;;;;;;;;;;;;;;;;;;;;;;;;;;;;;;;;;;;;;;;;;;;;;;;;;;;;;;;;;;;;;;;;;;;;;;;;;;;;;;
Malaisie;MWK;454;MWK;Ringgit;country.malaysia;Malaisie;Kuala Lumpur;Kuala Lumpur;Asie;60;9;MYS;;;;;;;;;;;;;;;;;;;;;;;;;;;;;;;;;;;;;;;;;;;;;;;;;;;;;;;;;;;;;;;;;;;;;;;;;;;;;;;;;;;;;;;;;;;;;;;;;;;;;;;
Malawi;MYR;458;MYR;Kwacha malawite;country.malawi;Malawi;Lilongwe;Lilongwe;Afrique;265;7;MWI;;;;;;;;;;;;;;;;;;;;;;;;;;;;;;;;;;;;;;;;;;;;;;;;;;;;;;;;;;;;;;;;;;;;;;;;;;;;;;;;;;;;;;;;;;;;;;;;;;;;;;;
Maldives;MVR;462;MVR;Rufiyaa maldivien;country.maldives;Maldives;Malé;Malé;Asie;960;7;MDV;;;;;;;;;;;;;;;;;;;;;;;;;;;;;;;;;;;;;;;;;;;;;;;;;;;;;;;;;;;;;;;;;;;;;;;;;;;;;;;;;;;;;;;;;;;;;;;;;;;;;;;
Mali;XOF;952;CFA;Franc CFA BCEAO;country.mali;Mali;Bamako;Bamako;Afrique;223;8;MLI;;;;;;;;;;;;;;;;;;;;;;;;;;;;;;;;;;;;;;;;;;;;;;;;;;;;;;;;;;;;;;;;;;;;;;;;;;;;;;;;;;;;;;;;;;;;;;;;;;;;;;;
Malte;EUR;978;EUR;Euro;country.malta;Malte;La Valette;La Valette;Europe;356;8;MLT;;;;;;;;;;;;;;;;;;;;;;;;;;;;;;;;;;;;;;;;;;;;;;;;;;;;;;;;;;;;;;;;;;;;;;;;;;;;;;;;;;;;;;;;;;;;;;;;;;;;;;;
Maroc;MAD;504;MAD;Dirham marocain;country.morocco;Maroc;Rabat;Rabat;Afrique;212;7;MAR;;;;;;;;;;;;;;;;;;;;;;;;;;;;;;;;;;;;;;;;;;;;;;;;;;;;;;;;;;;;;;;;;;;;;;;;;;;;;;;;;;;;;;;;;;;;;;;;;;;;;;;
Martinique;EUR;978;EUR;Euro;country.martinique;Martinique;Fort-de-France;Fort-de-France;Amérique;596;9;MTQ;;;;;;;;;;;;;;;;;;;;;;;;;;;;;;;;;;;;;;;;;;;;;;;;;;;;;;;;;;;;;;;;;;;;;;;;;;;;;;;;;;;;;;;;;;;;;;;;;;;;;;;
Maurice;MUR;480;MUR;Roupie mauricien;country.mauritius;Maurice;Port-Louis;Port-Louis;Afrique;230;7;MUS;;;;;;;;;;;;;;;;;;;;;;;;;;;;;;;;;;;;;;;;;;;;;;;;;;;;;;;;;;;;;;;;;;;;;;;;;;;;;;;;;;;;;;;;;;;;;;;;;;;;;;;
Mauritanie;MRO;478;MRO;Ouguiya mauritanien;country.mauritania;Mauritanie;Nouakchott;Nouakchott;Afrique;222;8;MRT;;;;;;;;;;;;;;;;;;;;;;;;;;;;;;;;;;;;;;;;;;;;;;;;;;;;;;;;;;;;;;;;;;;;;;;;;;;;;;;;;;;;;;;;;;;;;;;;;;;;;;;
Mayotte;EUR;978;EUR;Euro;country.mayotte;Mayotte;Mamoudzou;Mamoudzou;Afrique;269;7;MYT;;;;;;;;;;;;;;;;;;;;;;;;;;;;;;;;;;;;;;;;;;;;;;;;;;;;;;;;;;;;;;;;;;;;;;;;;;;;;;;;;;;;;;;;;;;;;;;;;;;;;;;
Mexique;MXN;484;MXN;Peso mexicain;country.mexico;Mexique;Mexico;Mexico;Amérique;52;10;MEX;;;;;;;;;;;;;;;;;;;;;;;;;;;;;;;;;;;;;;;;;;;;;;;;;;;;;;;;;;;;;;;;;;;;;;;;;;;;;;;;;;;;;;;;;;;;;;;;;;;;;;;
Moldavie;MDL;498;MDL;Leu moldave;country.moldova;Moldavie;Chisinau;Chisinau;Europe;373;8;MDA;;;;;;;;;;;;;;;;;;;;;;;;;;;;;;;;;;;;;;;;;;;;;;;;;;;;;;;;;;;;;;;;;;;;;;;;;;;;;;;;;;;;;;;;;;;;;;;;;;;;;;;
Mongolie;MNT;496;MNT;Tugrik;country.mongolia;Mongolie;Oulan-Bator;Oulan-Bator;Asie;976;8;MNG;;;;;;;;;;;;;;;;;;;;;;;;;;;;;;;;;;;;;;;;;;;;;;;;;;;;;;;;;;;;;;;;;;;;;;;;;;;;;;;;;;;;;;;;;;;;;;;;;;;;;;;
Monténégro;EUR;978;EUR;Euro;country.montenegro;Monténégro;Podgorica;Podgorica;Europe;382;8;MNE;;;;;;;;;;;;;;;;;;;;;;;;;;;;;;;;;;;;;;;;;;;;;;;;;;;;;;;;;;;;;;;;;;;;;;;;;;;;;;;;;;;;;;;;;;;;;;;;;;;;;;;
Montserrat;XCD;951;XCD;Dollar des Caraïbes orientales;country.montserrat;Montserrat;Plymouth;Plymouth;Amérique;1664;7;MSR;;;;;;;;;;;;;;;;;;;;;;;;;;;;;;;;;;;;;;;;;;;;;;;;;;;;;;;;;;;;;;;;;;;;;;;;;;;;;;;;;;;;;;;;;;;;;;;;;;;;;;;
Mozambique;MZN;943;MZN;Metical;country.mozambique;Mozambique;Maputo;Maputo;Afrique;258;8;MOZ;;;;;;;;;;;;;;;;;;;;;;;;;;;;;;;;;;;;;;;;;;;;;;;;;;;;;;;;;;;;;;;;;;;;;;;;;;;;;;;;;;;;;;;;;;;;;;;;;;;;;;;
Namibie;NAD;516;NAD;Dollar namibien;country.namibia;Namibie;Windhoek;Windhoek;Afrique;264;8;NAM;;;;;;;;;;;;;;;;;;;;;;;;;;;;;;;;;;;;;;;;;;;;;;;;;;;;;;;;;;;;;;;;;;;;;;;;;;;;;;;;;;;;;;;;;;;;;;;;;;;;;;;
Nauru;AUD;036;AUD;Dollar australien;country.nauru;Nauru;Yaren;Yaren;Océanie;674;7;NRU;;;;;;;;;;;;;;;;;;;;;;;;;;;;;;;;;;;;;;;;;;;;;;;;;;;;;;;;;;;;;;;;;;;;;;;;;;;;;;;;;;;;;;;;;;;;;;;;;;;;;;;
Népal;NPR;524;NPR;Roupie népalais;country.nepal;Népal;Katmandou;Katmandou;Asie;977;10;NPL;;;;;;;;;;;;;;;;;;;;;;;;;;;;;;;;;;;;;;;;;;;;;;;;;;;;;;;;;;;;;;;;;;;;;;;;;;;;;;;;;;;;;;;;;;;;;;;;;;;;;;;
Nicaragua;NIO;558;NIO;Oro de Cordoue;country.nicaragua;Nicaragua;Managua;Managua;Amérique;505;8;NIC;;;;;;;;;;;;;;;;;;;;;;;;;;;;;;;;;;;;;;;;;;;;;;;;;;;;;;;;;;;;;;;;;;;;;;;;;;;;;;;;;;;;;;;;;;;;;;;;;;;;;;;
Niger;XOF;952;CFA;Franc CFA BCEAO;country.niger;Niger;Niamey;Niamey;Afrique;227;8;NER;;;;;;;;;;;;;;;;;;;;;;;;;;;;;;;;;;;;;;;;;;;;;;;;;;;;;;;;;;;;;;;;;;;;;;;;;;;;;;;;;;;;;;;;;;;;;;;;;;;;;;;
Nigeria;NGN;566;NGN;Naira;country.nigeria;Nigeria;Abuja;Abuja;Afrique;234;10;NGA;;;;;;;;;;;;;;;;;;;;;;;;;;;;;;;;;;;;;;;;;;;;;;;;;;;;;;;;;;;;;;;;;;;;;;;;;;;;;;;;;;;;;;;;;;;;;;;;;;;;;;;
Niue;NZD;554;NZD;Dollar néo-zélandais;country.niue;Niué;Alofi;Alofi;Océanie;683;4;NIU;;;;;;;;;;;;;;;;;;;;;;;;;;;;;;;;;;;;;;;;;;;;;;;;;;;;;;;;;;;;;;;;;;;;;;;;;;;;;;;;;;;;;;;;;;;;;;;;;;;;;;;
Norvège;NOK;578;NOK;Couronne norvégien;country.norway;Norvège;Oslo;Oslo;Europe;47;8;NOR;;;;;;;;;;;;;;;;;;;;;;;;;;;;;;;;;;;;;;;;;;;;;;;;;;;;;;;;;;;;;;;;;;;;;;;;;;;;;;;;;;;;;;;;;;;;;;;;;;;;;;;
Nouvelle-Calédonie;XPF;953;XPF;Franc du Pacifique;country.new_caledonia;Nouvelle-Calédonie;Nouméa;Nouméa;Océanie;687;6;NCL;;;;;;;;;;;;;;;;;;;;;;;;;;;;;;;;;;;;;;;;;;;;;;;;;;;;;;;;;;;;;;;;;;;;;;;;;;;;;;;;;;;;;;;;;;;;;;;;;;;;;;;
Nouvelle-Zélande;NZD;554;NZD;Dollar néo-zélandais;country.new_zealand;Nouvelle-Zélande;Wellington;Wellington;Océanie;64;8;NZL;;;;;;;;;;;;;;;;;;;;;;;;;;;;;;;;;;;;;;;;;;;;;;;;;;;;;;;;;;;;;;;;;;;;;;;;;;;;;;;;;;;;;;;;;;;;;;;;;;;;;;;
Oman;OMR;512;OMR;Rial omani;country.oman;Oman;Mascate;Mascate;Asie;968;8;OMN;;;;;;;;;;;;;;;;;;;;;;;;;;;;;;;;;;;;;;;;;;;;;;;;;;;;;;;;;;;;;;;;;;;;;;;;;;;;;;;;;;;;;;;;;;;;;;;;;;;;;;;
Ouganda;UGX;800;UGX;Shilling ougandais;country.uganda;Ouganda;Kampala;Kampala;Afrique;256;9;UGA;;;;;;;;;;;;;;;;;;;;;;;;;;;;;;;;;;;;;;;;;;;;;;;;;;;;;;;;;;;;;;;;;;;;;;;;;;;;;;;;;;;;;;;;;;;;;;;;;;;;;;;
Ouzbékistan;UZS;860;UZS;Sum ouzbek;country.uzbekistan;Ouzbékistan;Tachkent;Tachkent;Asie;7;10;UZB;;;;;;;;;;;;;;;;;;;;;;;;;;;;;;;;;;;;;;;;;;;;;;;;;;;;;;;;;;;;;;;;;;;;;;;;;;;;;;;;;;;;;;;;;;;;;;;;;;;;;;;
Pakistan;PKR;586;PKR;Roupie pakistanais;country.pakistan;Pakistan;Islamabad;Islamabad;Afrique;92;9;PAK;;;;;;;;;;;;;;;;;;;;;;;;;;;;;;;;;;;;;;;;;;;;;;;;;;;;;;;;;;;;;;;;;;;;;;;;;;;;;;;;;;;;;;;;;;;;;;;;;;;;;;;
Palau;USD;840;USD;Dollar américain;country.palau;Palaos;Melekeok;Melekeok;Océanie;680;7;PLW;;;;;;;;;;;;;;;;;;;;;;;;;;;;;;;;;;;;;;;;;;;;;;;;;;;;;;;;;;;;;;;;;;;;;;;;;;;;;;;;;;;;;;;;;;;;;;;;;;;;;;;
Palestine;ILS;376;ILS;Shekel israélien;country.palestine;Palestine;Jérusalem;Jérusalem;asie;970;8;PSE;;;;;;;;;;;;;;;;;;;;;;;;;;;;;;;;;;;;;;;;;;;;;;;;;;;;;;;;;;;;;;;;;;;;;;;;;;;;;;;;;;;;;;;;;;;;;;;;;;;;;;;
Panama;PAB;590;PAB;Balboa panaméen;country.panama;Panama;Panama;Panama;Amérique;507;8;PAN;;;;;;;;;;;;;;;;;;;;;;;;;;;;;;;;;;;;;;;;;;;;;;;;;;;;;;;;;;;;;;;;;;;;;;;;;;;;;;;;;;;;;;;;;;;;;;;;;;;;;;;
Papouasie-Nouvelle-Guinée;PGK;598;PGK;Kina;country.papua_new_guinea;Papouasie-Nouvelle-Guinée;Port Moresby;Port Moresby;Océanie;675;8;PNG;;;;;;;;;;;;;;;;;;;;;;;;;;;;;;;;;;;;;;;;;;;;;;;;;;;;;;;;;;;;;;;;;;;;;;;;;;;;;;;;;;;;;;;;;;;;;;;;;;;;;;;
Paraguay;PYG;600;PYG;Guaraní;country.paraguay;Paraguay;Asuncion;Asuncion;Amérique;595;8;PRY;;;;;;;;;;;;;;;;;;;;;;;;;;;;;;;;;;;;;;;;;;;;;;;;;;;;;;;;;;;;;;;;;;;;;;;;;;;;;;;;;;;;;;;;;;;;;;;;;;;;;;;
Pays-Bas;EUR;978;EUR;Euro;country.the_netherlands;Pays-Bas;Amsterdam;Amsterdam;Europe;31;9;NLD;;;;;;;;;;;;;;;;;;;;;;;;;;;;;;;;;;;;;;;;;;;;;;;;;;;;;;;;;;;;;;;;;;;;;;;;;;;;;;;;;;;;;;;;;;;;;;;;;;;;;;;
Pays-Bas caribéens;USD;840;USD;Dollar américain;country.pays-Bas-caribeens;Pays-Bas caribéens;Kralendijk;Kralendijk;amérique du nord;599;8;BES;;;;;;;;;;;;;;;;;;;;;;;;;;;;;;;;;;;;;;;;;;;;;;;;;;;;;;;;;;;;;;;;;;;;;;;;;;;;;;;;;;;;;;;;;;;;;;;;;;;;;;;
Pérou;PEN;604;PEN;Sol nuevo;country.peru;Pérou;Lima;Lima;Amérique;51;9;PER;;;;;;;;;;;;;;;;;;;;;;;;;;;;;;;;;;;;;;;;;;;;;;;;;;;;;;;;;;;;;;;;;;;;;;;;;;;;;;;;;;;;;;;;;;;;;;;;;;;;;;;
Philippines;PHP;608;PHP;Peso philippin;country.philippines;Philippines;Manille;Manille;Asie;63;9;PHL;;;;;;;;;;;;;;;;;;;;;;;;;;;;;;;;;;;;;;;;;;;;;;;;;;;;;;;;;;;;;;;;;;;;;;;;;;;;;;;;;;;;;;;;;;;;;;;;;;;;;;;
Pologne;PLN;985;PLN;Zloty;country.poland;Pologne;Varsovie;Varsovie;Europe;48;9;POL;;;;;;;;;;;;;;;;;;;;;;;;;;;;;;;;;;;;;;;;;;;;;;;;;;;;;;;;;;;;;;;;;;;;;;;;;;;;;;;;;;;;;;;;;;;;;;;;;;;;;;;
Polynésie française;XPF;953;XPF;Franc du Pacifique;country.french_polynesia;Polynésie Française;Papeete;Papeete;Océanie;689;8;PYF;;;;;;;;;;;;;;;;;;;;;;;;;;;;;;;;;;;;;;;;;;;;;;;;;;;;;;;;;;;;;;;;;;;;;;;;;;;;;;;;;;;;;;;;;;;;;;;;;;;;;;;
Porto Rico;USD;840;USD;Dollar américain;country.porto_rico;Porto Rico;San Juan;San Juan;Amérique;1939;10;PRI;;;;;;;;;;;;;;;;;;;;;;;;;;;;;;;;;;;;;;;;;;;;;;;;;;;;;;;;;;;;;;;;;;;;;;;;;;;;;;;;;;;;;;;;;;;;;;;;;;;;;;;
Portugal;EUR;978;EUR;Euro;country.portugal;Portugal;Lisbonne;Lisbonne;Europe;351;9;PRT;;;;;;;;;;;;;;;;;;;;;;;;;;;;;;;;;;;;;;;;;;;;;;;;;;;;;;;;;;;;;;;;;;;;;;;;;;;;;;;;;;;;;;;;;;;;;;;;;;;;;;;
Principauté de Monaco;EUR;978;EUR;Euro;country.monaco;Monaco;Monaco;Monaco;Europe;377;8;MCO;;;;;;;;;;;;;;;;;;;;;;;;;;;;;;;;;;;;;;;;;;;;;;;;;;;;;;;;;;;;;;;;;;;;;;;;;;;;;;;;;;;;;;;;;;;;;;;;;;;;;;;
Qatar;QAR;634;QAR;Rial qatarien;country.qatar;Qatar;Doha;Doha;Asie;974;8;QAT;;;;;;;;;;;;;;;;;;;;;;;;;;;;;;;;;;;;;;;;;;;;;;;;;;;;;;;;;;;;;;;;;;;;;;;;;;;;;;;;;;;;;;;;;;;;;;;;;;;;;;;
République centrafricaine;XAF;950;CFA;Franc CFA BEAC;country.central_african_republic;République Centrafricaine;Bangui;Bangui;Afrique;236;8;CAF;;;;;;;;;;;;;;;;;;;;;;;;;;;;;;;;;;;;;;;;;;;;;;;;;;;;;;;;;;;;;;;;;;;;;;;;;;;;;;;;;;;;;;;;;;;;;;;;;;;;;;;
République démocratique du Congo;CDF;976;CDF;Franc congolais;country.democratic_republic_of_congo;République Démocratique du Congo;Kinshasa;Kinshasa;Afrique;243;9;COD;;;;;;;;;;;;;;;;;;;;;;;;;;;;;;;;;;;;;;;;;;;;;;;;;;;;;;;;;;;;;;;;;;;;;;;;;;;;;;;;;;;;;;;;;;;;;;;;;;;;;;;
République dominicaine;DOP;214;DOP;Peso dominicain;country.dominican_republic;République Dominicaine;Saint-Domingue;Saint-Domingue;Amérique;1849;7;DOM;;;;;;;;;;;;;;;;;;;;;;;;;;;;;;;;;;;;;;;;;;;;;;;;;;;;;;;;;;;;;;;;;;;;;;;;;;;;;;;;;;;;;;;;;;;;;;;;;;;;;;;
République du Congo;XAF;950;CFA;Franc CFA BEAC;country.republic_of_congo;République du Congo;Brazzaville;Brazzaville;Afrique;242;9;COG;;;;;;;;;;;;;;;;;;;;;;;;;;;;;;;;;;;;;;;;;;;;;;;;;;;;;;;;;;;;;;;;;;;;;;;;;;;;;;;;;;;;;;;;;;;;;;;;;;;;;;;
République Tchèque;CZK;203;CZK;Couronne tchèque;country.czech_republic;République Tchèque;Prague;Prague;Europe;420;9;CZE;;;;;;;;;;;;;;;;;;;;;;;;;;;;;;;;;;;;;;;;;;;;;;;;;;;;;;;;;;;;;;;;;;;;;;;;;;;;;;;;;;;;;;;;;;;;;;;;;;;;;;;
Réunion;EUR;978;EUR;Euro;country.meeting;Réunion;Saint-Denis;Saint-Denis;Afrique;262;9;REU;;;;;;;;;;;;;;;;;;;;;;;;;;;;;;;;;;;;;;;;;;;;;;;;;;;;;;;;;;;;;;;;;;;;;;;;;;;;;;;;;;;;;;;;;;;;;;;;;;;;;;;
Roumanie;RON;946;RON;Leu roumain;country.romania;Roumanie;Bucarest;Bucarest;Europe;40;9;ROU;;;;;;;;;;;;;;;;;;;;;;;;;;;;;;;;;;;;;;;;;;;;;;;;;;;;;;;;;;;;;;;;;;;;;;;;;;;;;;;;;;;;;;;;;;;;;;;;;;;;;;;
Royaume-Uni;GBP;826;GBP;Livre sterling;country.united_kingdom;Royaume-Uni;Londres;Londres;Europe;44;10;GBR;;;;;;;;;;;;;;;;;;;;;;;;;;;;;;;;;;;;;;;;;;;;;;;;;;;;;;;;;;;;;;;;;;;;;;;;;;;;;;;;;;;;;;;;;;;;;;;;;;;;;;;
Russie;RUB;643;RUB;Rouble russe;country.russia;Russie;Moscou;Moscou;Asie - Europe;7;10;RUS;;;;;;;;;;;;;;;;;;;;;;;;;;;;;;;;;;;;;;;;;;;;;;;;;;;;;;;;;;;;;;;;;;;;;;;;;;;;;;;;;;;;;;;;;;;;;;;;;;;;;;;
Rwanda;RWF;646;RWF;Franc rwandais;country.rwanda;Rwanda;Kigali;Kigali;Afrique;250;9;RWA;;;;;;;;;;;;;;;;;;;;;;;;;;;;;;;;;;;;;;;;;;;;;;;;;;;;;;;;;;;;;;;;;;;;;;;;;;;;;;;;;;;;;;;;;;;;;;;;;;;;;;;
Sahara occidental;MAD;504;MAD;Dirham marocain;country.sahara-occidental;Sahara occidental;Laâyoune;Laâyoune;afrique;212;8;ESH;;;;;;;;;;;;;;;;;;;;;;;;;;;;;;;;;;;;;;;;;;;;;;;;;;;;;;;;;;;;;;;;;;;;;;;;;;;;;;;;;;;;;;;;;;;;;;;;;;;;;;;
Saint-Barthélemy;EUR;978;EUR;Euro;country.saint_barthelemy;Saint-Barthélemy;Gustavia;Gustavia;Amérique;590;9;BLM ;;;;;;;;;;;;;;;;;;;;;;;;;;;;;;;;;;;;;;;;;;;;;;;;;;;;;;;;;;;;;;;;;;;;;;;;;;;;;;;;;;;;;;;;;;;;;;;;;;;;;;;
Saint-Christophe-et-Niévès;XCD;951;XCD;Dollar des Caraïbes orientales;country.saint-christophe-et-nieves;Saint-Christophe-et-Niévès;Basseterre;Basseterre;amérique  / caraibes;1869;7;KNA;;;;;;;;;;;;;;;;;;;;;;;;;;;;;;;;;;;;;;;;;;;;;;;;;;;;;;;;;;;;;;;;;;;;;;;;;;;;;;;;;;;;;;;;;;;;;;;;;;;;;;;
Sainte-Hélène;SHP;654;SHP;Livre de Sainte-Hélène;country.saint_helena;Sainte-Hélène;Jamestown;Jamestown;Afrique;290;5;SHN;;;;;;;;;;;;;;;;;;;;;;;;;;;;;;;;;;;;;;;;;;;;;;;;;;;;;;;;;;;;;;;;;;;;;;;;;;;;;;;;;;;;;;;;;;;;;;;;;;;;;;;
Sainte-Lucie;XCD;951;XCD;Dollar des Caraïbes orientales;country.st._lucia;Sainte-Lucie;Castries;Castries;Amérique;1758;7;LCA;;;;;;;;;;;;;;;;;;;;;;;;;;;;;;;;;;;;;;;;;;;;;;;;;;;;;;;;;;;;;;;;;;;;;;;;;;;;;;;;;;;;;;;;;;;;;;;;;;;;;;;
Saint-Marin;EUR;978;EUR;Euro;country.san_marino;Saint-Marin;Ville de Saint-Marin;Ville de Saint-Marin;Europe;378;10;SMR;;;;;;;;;;;;;;;;;;;;;;;;;;;;;;;;;;;;;;;;;;;;;;;;;;;;;;;;;;;;;;;;;;;;;;;;;;;;;;;;;;;;;;;;;;;;;;;;;;;;;;;
Saint-Martin;EUR;978;EUR;Euro;country.saint-martin;Saint-Martin;Marigot;Marigot;amérique du nord;590;6;MAF;;;;;;;;;;;;;;;;;;;;;;;;;;;;;;;;;;;;;;;;;;;;;;;;;;;;;;;;;;;;;;;;;;;;;;;;;;;;;;;;;;;;;;;;;;;;;;;;;;;;;;;
Saint-Pierre-et-Miquelon;EUR;978;EUR;Euro;country.saint_pierre_and_miquelon;Saint-Pierre-et-Miquelon;Saint-Pierre;Saint-Pierre;Amérique;508;6;SPM;;;;;;;;;;;;;;;;;;;;;;;;;;;;;;;;;;;;;;;;;;;;;;;;;;;;;;;;;;;;;;;;;;;;;;;;;;;;;;;;;;;;;;;;;;;;;;;;;;;;;;;
Saint-Vincent-et-les-Grenadines;XCD;951;XCD;Dollar des Caraïbes orientales;country.saint_vincent_and_the_grenadines;Saint-Vincent-et-les-Grenadines;Kingstown;Kingstown;Amérique;1784;7;VCT;;;;;;;;;;;;;;;;;;;;;;;;;;;;;;;;;;;;;;;;;;;;;;;;;;;;;;;;;;;;;;;;;;;;;;;;;;;;;;;;;;;;;;;;;;;;;;;;;;;;;;;
Salvador;USD;840;USD;Dollar américain;country.el_salvador;Salvador;San Salvador;San Salvador;Amérique;503;8;SLV;;;;;;;;;;;;;;;;;;;;;;;;;;;;;;;;;;;;;;;;;;;;;;;;;;;;;;;;;;;;;;;;;;;;;;;;;;;;;;;;;;;;;;;;;;;;;;;;;;;;;;;
Samoa;WST;882;WST;Tala;country.samoa;Samoa;Apia;Apia;Océanie;685;5;WSM;;;;;;;;;;;;;;;;;;;;;;;;;;;;;;;;;;;;;;;;;;;;;;;;;;;;;;;;;;;;;;;;;;;;;;;;;;;;;;;;;;;;;;;;;;;;;;;;;;;;;;;
Samoa Américaines;USD;840;USD;Dollar américain;country.american_samoa;Samoa Américaines;Pago Pago;Pago Pago;Océanie;684;7;ASM;;;;;;;;;;;;;;;;;;;;;;;;;;;;;;;;;;;;;;;;;;;;;;;;;;;;;;;;;;;;;;;;;;;;;;;;;;;;;;;;;;;;;;;;;;;;;;;;;;;;;;;
São Tomé e Príncipe;STD;678;STD;Dobra;country.sao_tome_and_principe;Sao Tomé-et-Principe;Sao Tomé;Sao Tomé;Afrique;239;7;STP;;;;;;;;;;;;;;;;;;;;;;;;;;;;;;;;;;;;;;;;;;;;;;;;;;;;;;;;;;;;;;;;;;;;;;;;;;;;;;;;;;;;;;;;;;;;;;;;;;;;;;;
Sénégal;XOF;952;CFA;Franc CFA BCEAO;country.senegal;Sénégal;Dakar;Dakar;Afrique;221;9;SEN;;;;;;;;;;;;;;;;;;;;;;;;;;;;;;;;;;;;;;;;;;;;;;;;;;;;;;;;;;;;;;;;;;;;;;;;;;;;;;;;;;;;;;;;;;;;;;;;;;;;;;;
Serbie;RSD;941;RSD;Dinar serbe;country.serbia;Serbie;Belgrade;Belgrade;Europe;381;9;SRB;;;;;;;;;;;;;;;;;;;;;;;;;;;;;;;;;;;;;;;;;;;;;;;;;;;;;;;;;;;;;;;;;;;;;;;;;;;;;;;;;;;;;;;;;;;;;;;;;;;;;;;
Seychelles;SCR;690;SCR;Roupie seychellois;country.seychelles;Seychelles;Victoria;Victoria;Afrique;248;7;SYC;;;;;;;;;;;;;;;;;;;;;;;;;;;;;;;;;;;;;;;;;;;;;;;;;;;;;;;;;;;;;;;;;;;;;;;;;;;;;;;;;;;;;;;;;;;;;;;;;;;;;;;
Sierra Leone;SLL;694;SLL;Leone;country.sierra_leone;Sierra Leone;Freetown;Freetown;Afrique;232;8;SLE;;;;;;;;;;;;;;;;;;;;;;;;;;;;;;;;;;;;;;;;;;;;;;;;;;;;;;;;;;;;;;;;;;;;;;;;;;;;;;;;;;;;;;;;;;;;;;;;;;;;;;;
Singapour;SGD;702;SGD;Dollar de Singapour;country.singapore;Singapour;Singapour;Singapour;Asie;65;8;SGP;;;;;;;;;;;;;;;;;;;;;;;;;;;;;;;;;;;;;;;;;;;;;;;;;;;;;;;;;;;;;;;;;;;;;;;;;;;;;;;;;;;;;;;;;;;;;;;;;;;;;;;
Sint Maarten;ANG;532;ANG;Florin des Antilles néerlandaises;country.sint-maarten;Sint Maarten;Philipsburg;Philipsburg;amérique du nord;1721;7;SXM;;;;;;;;;;;;;;;;;;;;;;;;;;;;;;;;;;;;;;;;;;;;;;;;;;;;;;;;;;;;;;;;;;;;;;;;;;;;;;;;;;;;;;;;;;;;;;;;;;;;;;;
Slovaquie;EUR;978;EUR;Euro;country.slovakia;Slovaquie;Bratislava;Bratislava;Europe;421;9;SVK;;;;;;;;;;;;;;;;;;;;;;;;;;;;;;;;;;;;;;;;;;;;;;;;;;;;;;;;;;;;;;;;;;;;;;;;;;;;;;;;;;;;;;;;;;;;;;;;;;;;;;;
Slovénie;EUR;978;EUR;Euro;country.slovenia;Slovénie;Ljubljana;Ljubljana;Europe;386;8;SVN;;;;;;;;;;;;;;;;;;;;;;;;;;;;;;;;;;;;;;;;;;;;;;;;;;;;;;;;;;;;;;;;;;;;;;;;;;;;;;;;;;;;;;;;;;;;;;;;;;;;;;;
Somalie;SOS;706;SOS;Shilling somalien;country.somalia;Somalie;Mogadiscio;Mogadiscio;Afrique;252;9;SOM;;;;;;;;;;;;;;;;;;;;;;;;;;;;;;;;;;;;;;;;;;;;;;;;;;;;;;;;;;;;;;;;;;;;;;;;;;;;;;;;;;;;;;;;;;;;;;;;;;;;;;;
Soudan;SDG;938;SDG;Livre soudanais;country.sudan;Soudan;Khartoum;Khartoum;Afrique;249;9;SDN;;;;;;;;;;;;;;;;;;;;;;;;;;;;;;;;;;;;;;;;;;;;;;;;;;;;;;;;;;;;;;;;;;;;;;;;;;;;;;;;;;;;;;;;;;;;;;;;;;;;;;;
Soudan du Sud;SSP;728;SSP;Livre;country.south_sudan;Soudan du Sud;Djouba;Djouba;Afrique;211;9;SSD;;;;;;;;;;;;;;;;;;;;;;;;;;;;;;;;;;;;;;;;;;;;;;;;;;;;;;;;;;;;;;;;;;;;;;;;;;;;;;;;;;;;;;;;;;;;;;;;;;;;;;;
Sri Lanka;LKR;144;LKR;Roupie sri lankaise;country.sri_lanka;Sri Lanka;Colombo;Colombo;Asie;94;9;LKA;;;;;;;;;;;;;;;;;;;;;;;;;;;;;;;;;;;;;;;;;;;;;;;;;;;;;;;;;;;;;;;;;;;;;;;;;;;;;;;;;;;;;;;;;;;;;;;;;;;;;;;
Suède;SEK;752;SEK;Couronne suédois;country.sweden;Suède;Stockholm;Stockholm;Europe;46;8;SWE;;;;;;;;;;;;;;;;;;;;;;;;;;;;;;;;;;;;;;;;;;;;;;;;;;;;;;;;;;;;;;;;;;;;;;;;;;;;;;;;;;;;;;;;;;;;;;;;;;;;;;;
Suisse;CHF;756;CHF;Franc suisse;country.swiss;Suisse;Berne;Berne;Europe;41;9;CHE;;;;;;;;;;;;;;;;;;;;;;;;;;;;;;;;;;;;;;;;;;;;;;;;;;;;;;;;;;;;;;;;;;;;;;;;;;;;;;;;;;;;;;;;;;;;;;;;;;;;;;;
Suriname;SRD;968;SRD;Dollar surinamais;country.suriname;Suriname;Paramaribo;Paramaribo;Amérique;597;6;SUR;;;;;;;;;;;;;;;;;;;;;;;;;;;;;;;;;;;;;;;;;;;;;;;;;;;;;;;;;;;;;;;;;;;;;;;;;;;;;;;;;;;;;;;;;;;;;;;;;;;;;;;
Svalbard et Jan Mayen;NOK;578;NOK;Couronne norvégien;country.svalbard_and_jan_mayen;Svalbard et Jan Mayen;Longyearbyen;Longyearbyen;Europe;47;8;SJM;;;;;;;;;;;;;;;;;;;;;;;;;;;;;;;;;;;;;;;;;;;;;;;;;;;;;;;;;;;;;;;;;;;;;;;;;;;;;;;;;;;;;;;;;;;;;;;;;;;;;;;
Swaziland;SZL;748;SZL;Lilangeni;country.swaziland;Swaziland;Mbabane;Mbabane;Afrique;268;8;SWZ;;;;;;;;;;;;;;;;;;;;;;;;;;;;;;;;;;;;;;;;;;;;;;;;;;;;;;;;;;;;;;;;;;;;;;;;;;;;;;;;;;;;;;;;;;;;;;;;;;;;;;;
Syrie;SYP;760;SYP;Livre syrien;country.syria;Syrie;Damas;Damas;Asie;963;9;SYR;;;;;;;;;;;;;;;;;;;;;;;;;;;;;;;;;;;;;;;;;;;;;;;;;;;;;;;;;;;;;;;;;;;;;;;;;;;;;;;;;;;;;;;;;;;;;;;;;;;;;;;
Tadjikistan;TJS;972;TJS;Somoni;country.tajikistan;Tadjikistan;Douchanbé;Douchanbé;Asie;992;9;TJK;;;;;;;;;;;;;;;;;;;;;;;;;;;;;;;;;;;;;;;;;;;;;;;;;;;;;;;;;;;;;;;;;;;;;;;;;;;;;;;;;;;;;;;;;;;;;;;;;;;;;;;
Taïwan;TWD;901;TWD;Nouveau dollar taïwanais;country.taiwan;Taïwan;Taipei;Taipei;Asie;886;8;TWN;;;;;;;;;;;;;;;;;;;;;;;;;;;;;;;;;;;;;;;;;;;;;;;;;;;;;;;;;;;;;;;;;;;;;;;;;;;;;;;;;;;;;;;;;;;;;;;;;;;;;;;
Tanzanie;TZS;834;TZS;Shilling tanzanien;country.tanzania;Tanzanie;Dodoma;Dodoma;Afrique;255;9;TZA;;;;;;;;;;;;;;;;;;;;;;;;;;;;;;;;;;;;;;;;;;;;;;;;;;;;;;;;;;;;;;;;;;;;;;;;;;;;;;;;;;;;;;;;;;;;;;;;;;;;;;;
Tchad;XAF;950;CFA;Franc CFA BEAC;country.chad;Tchad;N'Djaména;N'Djaména;Afrique;235;8;TCD;;;;;;;;;;;;;;;;;;;;;;;;;;;;;;;;;;;;;;;;;;;;;;;;;;;;;;;;;;;;;;;;;;;;;;;;;;;;;;;;;;;;;;;;;;;;;;;;;;;;;;;
Terres australes et antarctiques françaises;EUR;978;EUR;Euro;country.french_southern_lands;Terres Australes Françaises;Port-aux-Français;Port-aux-Français;Antarctique;262;9;ATF;;;;;;;;;;;;;;;;;;;;;;;;;;;;;;;;;;;;;;;;;;;;;;;;;;;;;;;;;;;;;;;;;;;;;;;;;;;;;;;;;;;;;;;;;;;;;;;;;;;;;;;
Territoire britannique de l'océan Indien;USD;840;USD;Livre sterling;country.territoire-britannique-de-locéan-Indien;Territoire britannique de l'océan Indien;Diego Garcia;Diego Garcia;Asie;246;7;IOT;;;;;;;;;;;;;;;;;;;;;;;;;;;;;;;;;;;;;;;;;;;;;;;;;;;;;;;;;;;;;;;;;;;;;;;;;;;;;;;;;;;;;;;;;;;;;;;;;;;;;;;
Thaïlande;THB;764;THB;Baht thaïlandais;country.thailand;Thaïlande;Bangkok;Bangkok;Asie;66;8;THA;;;;;;;;;;;;;;;;;;;;;;;;;;;;;;;;;;;;;;;;;;;;;;;;;;;;;;;;;;;;;;;;;;;;;;;;;;;;;;;;;;;;;;;;;;;;;;;;;;;;;;;
Timor oriental;USD;840;USD;Dollar américain;country.east_timor;Timor Oriental;Dili;Dili;Asie;670;8;TLS;;;;;;;;;;;;;;;;;;;;;;;;;;;;;;;;;;;;;;;;;;;;;;;;;;;;;;;;;;;;;;;;;;;;;;;;;;;;;;;;;;;;;;;;;;;;;;;;;;;;;;;
Togo;XOF;952;CFA;Franc CFA BCEAO;country.togo;Togo;Lomé;Lomé;Afrique;228;8;TGO;;;;;;;;;;;;;;;;;;;;;;;;;;;;;;;;;;;;;;;;;;;;;;;;;;;;;;;;;;;;;;;;;;;;;;;;;;;;;;;;;;;;;;;;;;;;;;;;;;;;;;;
Tokelau;NZD;554;NZD;Dollar néo-zélandais;country.tokelau;Tokelau;Atafu;Atafu;Océanie;690;8;TKL;;;;;;;;;;;;;;;;;;;;;;;;;;;;;;;;;;;;;;;;;;;;;;;;;;;;;;;;;;;;;;;;;;;;;;;;;;;;;;;;;;;;;;;;;;;;;;;;;;;;;;;
Tonga;TOP;776;TOP;Pa'anga;country.tonga;Tonga;Nuku'alofa;Nuku'alofa;Océanie;676;5;TON;;;;;;;;;;;;;;;;;;;;;;;;;;;;;;;;;;;;;;;;;;;;;;;;;;;;;;;;;;;;;;;;;;;;;;;;;;;;;;;;;;;;;;;;;;;;;;;;;;;;;;;
Trinidad et Tobago;TTD;780;TTD;Dollar de Trinité-et-Tobago;country.trinidad_and_tobago;Trinité-et-Tobago;Port-d'Espagne;Port-d'Espagne;Amérique;1868;7;TTO;;;;;;;;;;;;;;;;;;;;;;;;;;;;;;;;;;;;;;;;;;;;;;;;;;;;;;;;;;;;;;;;;;;;;;;;;;;;;;;;;;;;;;;;;;;;;;;;;;;;;;;
Tunisie;TND;788;TND;Dinar tunisien;country.tunisia;Tunisie;Tunis;Tunis;Afrique;216;8;TUN;;;;;;;;;;;;;;;;;;;;;;;;;;;;;;;;;;;;;;;;;;;;;;;;;;;;;;;;;;;;;;;;;;;;;;;;;;;;;;;;;;;;;;;;;;;;;;;;;;;;;;;
Turkménistan;TMT;934;TMT;Manat turkmène;country.turkmenistan;Turkménistan;Achgabat;Achgabat;Asie;993;8;TKM;;;;;;;;;;;;;;;;;;;;;;;;;;;;;;;;;;;;;;;;;;;;;;;;;;;;;;;;;;;;;;;;;;;;;;;;;;;;;;;;;;;;;;;;;;;;;;;;;;;;;;;
Turquie;TRY;949;TRY;Livre turque;country.türkiye;Turquie;Ankara;Ankara;Asie - Europe;90;10;TUR;;;;;;;;;;;;;;;;;;;;;;;;;;;;;;;;;;;;;;;;;;;;;;;;;;;;;;;;;;;;;;;;;;;;;;;;;;;;;;;;;;;;;;;;;;;;;;;;;;;;;;;
Tuvalu;AUD;036;AUD;Dollar de Tuvalu;country.tuvalu;Tuvalu;Funafuti;Funafuti;Océanie;688;5;TUV;;;;;;;;;;;;;;;;;;;;;;;;;;;;;;;;;;;;;;;;;;;;;;;;;;;;;;;;;;;;;;;;;;;;;;;;;;;;;;;;;;;;;;;;;;;;;;;;;;;;;;;
Ukraine;UAH;980;UAH;Hrywnja;country.ukraine;Ukraine;Kiev;Kiev;Europe;380;9;UKR;;;;;;;;;;;;;;;;;;;;;;;;;;;;;;;;;;;;;;;;;;;;;;;;;;;;;;;;;;;;;;;;;;;;;;;;;;;;;;;;;;;;;;;;;;;;;;;;;;;;;;;
Uruguay;UYU;858;UYU;Peso uruguayen;country.uruguay;Uruguay;Montevideo;Montevideo;Amérique;598;8;URY;;;;;;;;;;;;;;;;;;;;;;;;;;;;;;;;;;;;;;;;;;;;;;;;;;;;;;;;;;;;;;;;;;;;;;;;;;;;;;;;;;;;;;;;;;;;;;;;;;;;;;;
Vanuatu;VUV;548;VUV;Vatu;country.vanuatu;Vanuatu;Port-Vila;Port-Vila;Océanie;678;5;VUT;;;;;;;;;;;;;;;;;;;;;;;;;;;;;;;;;;;;;;;;;;;;;;;;;;;;;;;;;;;;;;;;;;;;;;;;;;;;;;;;;;;;;;;;;;;;;;;;;;;;;;;
Vatican;EUR;978;EUR;Euro;country.vatican;Vatican;Vatican;Vatican;europe;397;8;VAT;;;;;;;;;;;;;;;;;;;;;;;;;;;;;;;;;;;;;;;;;;;;;;;;;;;;;;;;;;;;;;;;;;;;;;;;;;;;;;;;;;;;;;;;;;;;;;;;;;;;;;;
Venezuela;VEF;937;VEF;Bolivar digital;country.venezuela;Venezuela;Caracas;Caracas;Amérique;58;10;VEN;;;;;;;;;;;;;;;;;;;;;;;;;;;;;;;;;;;;;;;;;;;;;;;;;;;;;;;;;;;;;;;;;;;;;;;;;;;;;;;;;;;;;;;;;;;;;;;;;;;;;;;
Viêt Nam;VND;704;VND;Dong;country.vietnam;Viêt Nam;Hanoï;Hanoï;Asie;84;10;VNM;;;;;;;;;;;;;;;;;;;;;;;;;;;;;;;;;;;;;;;;;;;;;;;;;;;;;;;;;;;;;;;;;;;;;;;;;;;;;;;;;;;;;;;;;;;;;;;;;;;;;;;
Wallis-et-Futuna;XPF;953;XPF;Franc du Pacifique;country.wallis_and_futuna;Wallis et Futuna;Mata-Utu;Mata-Utu;Océanie;681;6;WLF;;;;;;;;;;;;;;;;;;;;;;;;;;;;;;;;;;;;;;;;;;;;;;;;;;;;;;;;;;;;;;;;;;;;;;;;;;;;;;;;;;;;;;;;;;;;;;;;;;;;;;;
Yémen;YER;886;YER;Rial yéménite;country.yemen;Yémen;Sanaa;Sanaa;Asie;967;7;YEM;;;;;;;;;;;;;;;;;;;;;;;;;;;;;;;;;;;;;;;;;;;;;;;;;;;;;;;;;;;;;;;;;;;;;;;;;;;;;;;;;;;;;;;;;;;;;;;;;;;;;;;
Zambie;ZMW;967;ZMW;Kwacha zambien;country.zambia;Zambie;Lusaka;Lusaka;Afrique;260;9;ZMB;;;;;;;;;;;;;;;;;;;;;;;;;;;;;;;;;;;;;;;;;;;;;;;;;;;;;;;;;;;;;;;;;;;;;;;;;;;;;;;;;;;;;;;;;;;;;;;;;;;;;;;
Zimbabwe;ZWL;932;ZWL;Dollar zimbabuense;country.zimbabwe;Zimbabwe;Harare;Harare;Afrique;263;10;ZWE;;;;;;;;;;;;;;;;;;;;;;;;;;;;;;;;;;;;;;;;;;;;;;;;;;;;;;;;;;;;;;;;;;;;;;;;;;;;;;;;;;;;;;;;;;;;;;;;;;;;;;;
;;;;;;;;;;;;;;;;;;;;;;;;;;;;;;;;;;;;;;;;;;;;;;;;;;;;;;;;;;;;;;;;;;;;;;;;;;;;;;;;;;;;;;;;;;;;;;;;;;;;;;;;;;;;;;;;;;;
;;;;;;;;;;;;;;;;;;;;;;;;;;;;;;;;;;;;;;;;;;;;;;;;;;;;;;;;;;;;;;;;;;;;;;;;;;;;;;;;;;;;;;;;;;;;;;;;;;;;;;;;;;;;;;;;;;;
;;;;;;;;;;;;;;;;;;;;;;;;;;;;;;;;;;;;;;;;;;;;;;;;;;;;;;;;;;;;;;;;;;;;;;;;;;;;;;;;;;;;;;;;;;;;;;;;;;;;;;;;;;;;;;;;;;;
;;;;;;;;;;;;;;;;;;;;;;;;;;;;;;;;;;;;;;;;;;;;;;;;;;;;;;;;;;;;;;;;;;;;;;;;;;;;;;;;;;;;;;;;;;;;;;;;;;;;;;;;;;;;;;;;;;;
;;;;;;;;;;;;;;;;;;;;;;;;;;;;;;;;;;;;;;;;;;;;;;;;;;;;;;;;;;;;;;;;;;;;;;;;;;;;;;;;;;;;;;;;;;;;;;;;;;;;;;;;;;;;;;;;;;;
;;;;;;;;;;;;;;;;;;;;;;;;;;;;;;;;;;;;;;;;;;;;;;;;;;;;;;;;;;;;;;;;;;;;;;;;;;;;;;;;;;;;;;;;;;;;;;;;;;;;;;;;;;;;;;;;;;;
;;;;;;;;;;;;;;;;;;;;;;;;;;;;;;;;;;;;;;;;;;;;;;;;;;;;;;;;;;;;;;;;;;;;;;;;;;;;;;;;;;;;;;;;;;;;;;;;;;;;;;;;;;;;;;;;;;;
;;;;;;;;;;;;;;;;;;;;;;;;;;;;;;;;;;;;;;;;;;;;;;;;;;;;;;;;;;;;;;;;;;;;;;;;;;;;;;;;;;;;;;;;;;;;;;;;;;;;;;;;;;;;;;;;;;;
;;;;;;;;;;;;;;;;;;;;;;;;;;;;;;;;;;;;;;;;;;;;;;;;;;;;;;;;;;;;;;;;;;;;;;;;;;;;;;;;;;;;;;;;;;;;;;;;;;;;;;;;;;;;;;;;;;;
;;;;;;;;;;;;;;;;;;;;;;;;;;;;;;;;;;;;;;;;;;;;;;;;;;;;;;;;;;;;;;;;;;;;;;;;;;;;;;;;;;;;;;;;;;;;;;;;;;;;;;;;;;;;;;;;;;;
;;;;;;;;;;;;;;;;;;;;;;;;;;;;;;;;;;;;;;;;;;;;;;;;;;;;;;;;;;;;;;;;;;;;;;;;;;;;;;;;;;;;;;;;;;;;;;;;;;;;;;;;;;;;;;;;;;;
;;;;;;;;;;;;;;;;;;;;;;;;;;;;;;;;;;;;;;;;;;;;;;;;;;;;;;;;;;;;;;;;;;;;;;;;;;;;;;;;;;;;;;;;;;;;;;;;;;;;;;;;;;;;;;;;;;;
;;;;;;;;;;;;;;;;;;;;;;;;;;;;;;;;;;;;;;;;;;;;;;;;;;;;;;;;;;;;;;;;;;;;;;;;;;;;;;;;;;;;;;;;;;;;;;;;;;;;;;;;;;;;;;;;;;;
;;;;;;;;;;;;;;;;;;;;;;;;;;;;;;;;;;;;;;;;;;;;;;;;;;;;;;;;;;;;;;;;;;;;;;;;;;;;;;;;;;;;;;;;;;;;;;;;;;;;;;;;;;;;;;;;;;;
;;;;;;;;;;;;;;;;;;;;;;;;;;;;;;;;;;;;;;;;;;;;;;;;;;;;;;;;;;;;;;;;;;;;;;;;;;;;;;;;;;;;;;;;;;;;;;;;;;;;;;;;;;;;;;;;;;;
;;;;;;;;;;;;;;;;;;;;;;;;;;;;;;;;;;;;;;;;;;;;;;;;;;;;;;;;;;;;;;;;;;;;;;;;;;;;;;;;;;;;;;;;;;;;;;;;;;;;;;;;;;;;;;;;;;;
;;;;;;;;;;;;;;;;;;;;;;;;;;;;;;;;;;;;;;;;;;;;;;;;;;;;;;;;;;;;;;;;;;;;;;;;;;;;;;;;;;;;;;;;;;;;;;;;;;;;;;;;;;;;;;;;;;;
;;;;;;;;;;;;;;;;;;;;;;;;;;;;;;;;;;;;;;;;;;;;;;;;;;;;;;;;;;;;;;;;;;;;;;;;;;;;;;;;;;;;;;;;;;;;;;;;;;;;;;;;;;;;;;;;;;;
